Part Name,Library Ref,Footprint Ref,CreatedBy,HelpURL,Manufacturer 1,Manufacturer 1 Part Number,Vendor 1,Vendor 1 Part Number,Description,Value,Comment
"Trans,NPN,25V,50mA,650MHz,SOT23-3","Trans,NPN,25V,50mA,650MHz,SOT23-3",DIODES_SOT23,Judd Foster,https://www.diodes.com/assets/Datasheets/ds31031.pdf,Diodes Incorporated,MMBTH10-7-F,Digikey,MMBTH10-FDICT-ND,RF Transistor NPN 25V 50mA 650MHz 300mW Surface Mount SOT-23-3,,=Manufacturer 1 Part Number
"MECH,STANDOFF,ID3.3MM,H4MM,SMD","MECH,STANDOFF,ID3.3MM,H4MM,SMD",WURTH_9774040960R,Judd Foster,https://www.we-online.com/components/products/datasheet/9774040960R.pdf,W�rth Elektronik,9774040960R,Digikey,732-7092-1-ND,"Round Spacer Unthreaded Steel 0.157"" (4.00mm)",,=Manufacturer 1 Part Number
"FIDUCIAL,SMD,1MM",FIDUCIAL,FID_1MM,Judd Foster,N/A,N/A,N/A,N/A,N/A,"Fiducial, SMD, 1mm",,
"74HC595BQ,115","74HC595BQ,115",PQFN50P250X350X100-16T,Judd Foster,https://assets.nexperia.com/documents/data-sheet/74HC_HCT595.pdf,Nexperia USA Inc.,"74HC595BQ,115",Digikey,1727-3327-1-ND,Shift Shift Register 1 Element 8 Bit 16-DHVQFN (2.5x3.5),,=Manufacturer 1 Part Number
"74HCT244BQ,115","74HCT244BQ,115",PQFN50P250X450X100-20T,Judd Foster,https://assets.nexperia.com/documents/data-sheet/74HC_HCT244.pdf,Nexperia USA Inc.,"74HCT244BQ,115",Digikey,1727-6928-1-ND,"Buffer, Non-Inverting 2 Element 4 Bit per Element 3-State Output 20-DHVQFN (4.5x2.5)",,=Manufacturer 1 Part Number
"74HCT595PW,118","74HCT595PW,118",TSOP65P640X110-16N,Judd Foster,https://assets.nexperia.com/documents/data-sheet/74HC_HCT595.pdf,Nexperia USA Inc.,"74HCT595PW,118",Digikey,1727-2858-1-ND,Shift Shift Register 1 Element 8 Bit 16-TSSOP,,=Manufacturer 1 Part Number
A3930KJPTR-T,A3930KJPTR-T,ALLEGRO_A3930KJPTR-T,Judd Foster,https://www.allegromicro.com/~/media/Files/Datasheets/A3930-1-Datasheet.ashx,Allegro MicroSystems,A3930KJPTR-T,Digikey,620-1289-1-ND,Motor Driver Power MOSFET Parallel 48-LQFP-EP (7x7),,=Manufacturer 1 Part Number
AOZ1360AIL,AOZ1360AIL,ALPHAOMEGA_SO-8L,Judd Foster,https://pdf.dzsc.com/130426/AO6408.pdf,Alpha & Omega Semiconductor Inc.,AOZ1360AIL,Digikey,785-1418-1-ND,Power Switch/Driver 1:1 P-Channel 8-SOIC,,=Manufacturer 1 Part Number
AP2115M-3.3TRG1,AP2115M-3.3TRG1,DIODES_SO-8,Judd Foster,https://www.diodes.com/assets/Datasheets/AP2115.pdf,Diodes Incorporated,AP2115M-3.3TRG1,Digikey,AP2115M-3.3TRG1DICT-ND,Linear Voltage Regulator IC  1 Output  1A 8-SOIC,,=Manufacturer 1 Part Number
ATA6561-GAQW-N,ATA6561-GAQW-N,SOIC127P540X175,Judd Foster,https://ww1.microchip.com/downloads/en/DeviceDoc/20005991B.pdf,Microchip Technology,ATA6561-GAQW-N,Digikey,ATA6561-GAQW-NCT-ND,1/1 Transceiver CANbus 8-SO,,=Manufacturer 1 Part Number
ATSAMD21J18A-AF,ATSAMD21J18A-AF,PQFN50P1000X1000X120-64,Judd Foster,https://ww1.microchip.com/downloads/aemDocuments/documents/MCU32/ProductDocuments/DataSheets/SAM-D21-DA1-Family-Data-Sheet-DS40001882H.pdf,Microchip Technology,ATSAMD21J18A-AF,Digikey,ATSAMD21J18A-AF-ND,"ARM� Cortex�-M0+ Automotive, AEC-Q100, SAM D21J, Functional Safety (FuSa) Microcontroller IC 32-Bit Single-Core 48MHz 256KB (256K x 8) FLASH 64-TQFP (10x10)",,=Manufacturer 1 Part Number
ATSAME70Q21B-AN,ATSAME70Q21B-AN,PQFN50P2000X2000X1600-144,Judd Foster,https://ww1.microchip.com/downloads/aemDocuments/documents/MCU32/ProductDocuments/DataSheets/SAM-E70-S70-V70-V71-Family-Data-Sheet-DS60001527.pdf,Microchip Technology,ATSAME70Q21B-AN,Digikey,ATSAME70Q21B-AN-ND,ARM� Cortex�-M7 SAM E70 Microcontroller IC 32-Bit Single-Core 300MHz 2MB (2M x 8) FLASH 144-LQFP (20x20),,=Manufacturer 1 Part Number
ATSAME70Q21B-CN,ATSAME70Q21B-CN,BGA144C80P12X12_1000X1000X140,Judd Foster,https://ww1.microchip.com/downloads/aemDocuments/documents/MCU32/ProductDocuments/DataSheets/SAM-E70-S70-V70-V71-Family-Data-Sheet-DS60001527.pdf,Microchip Technology,ATSAME70Q21B-CN,Digikey,ATSAME70Q21B-CN-ND,ARM� Cortex�-M7 series Microcontroller IC 32-Bit 300MHz 2MB (2M x 8) FLASH 144-LFBGA (10x10),,=Manufacturer 1 Part Number
"CAP,Alum,220uF,20%,50VDC,Radial,Thru","CAP,Alum,220uF,20%,50VDC,Radial,Thru",CAPPR500W60D1000H1600B,Judd Foster,https://www.rubycon.co.jp/wp-content/uploads/catalog-aluminum/YXG.pdf,Rubycon,50YXG220MEFCT810X16,Digikey,1189-3771-1-ND,"220 �F 50 V Aluminum Electrolytic Capacitors Radial, Can 5000 Hrs @ 105�C",220u,"220u,20%,50V"
"CAP,Cer,0.5pF,50VDC,C0G,0402","CAP,Cer,0.5pF,50VDC,C0G,0402",CAPC1005X06N,Judd Foster,https://search.murata.co.jp/Ceramy/image/img/A01X/G101/ENG/GRM1555C1HR50WA01-01.pdf,Murata Electronics,GRM1555C1HR50WA01D,Digikey,490-6264-1-ND,"0.5 pF �0.05pF 50V Ceramic Capacitor C0G, NP0 0402 (1005 Metric)",0.5p,=Value
"CAP,Cer,0.8pF,50VDC,C0G,0402","CAP,Cer,0.8pF,50VDC,C0G,0402",CAPC1005X06N,Judd Foster,http://www.passivecomponent.com/wp-content/uploads/2018/10/MLCC.pdf,Walsin Technology Corporation,0402N0R8B500CT,Digikey,1292-1236-1-ND,"0.8pF �0.1pF 50V Ceramic Capacitor C0G, NP0 0402 (1005 Metric)",0.8p,=Value
"CAP,Cer,1.2pF,50V,C0G,0402","CAP,Cer,1.2pF,50V,C0G,0402",CAPC1005X06N,Judd Foster,https://search.murata.co.jp/Ceramy/image/img/A01X/G101/ENG/GRM1555C1H1R2BA01-01.pdf,Murata Electronics,GRM1555C1H1R2BA01D,Digikey,490-6209-1-ND,"1.2 pF �0.1pF 50V Ceramic Capacitor C0G, NP0 0402 (1005 Metric)",1.2p,=Value
"CAP,Cer,100nF,25VDC,X7R,0402","CAP,Cer,100nF,25VDC,X7R,0402",CAPC1005X06N,Judd Foster,https://search.murata.co.jp/Ceramy/image/img/A01X/G101/ENG/GRM155R71E104KE14-01.pdf,Murata Electronics,GRM155R71E104KE14J,Digikey,490-14603-1-ND,0.1�F �10% 25V Ceramic Capacitor X7R 0402 (1005 Metric),100n,"100n,25V,X7R,0402"
"CAP,Cer,100nF,50VDC,X7R,0805","CAP,Cer,100nF,50VDC,X7R,0805",CAPC_0805,Judd Foster,https://content.kemet.com/datasheets/KEM_C1002_X7R_SMD.pdf,KEMET,C0805C104M5RACTU,Digikey,399-1169-1-ND,CAP CER 0.1UF 50V X7R 0805,100n,=Value
"CAP,Cer,100pF,50VDC,C0G,0402","CAP,Cer,100pF,50VDC,C0G,0402",CAPC1005X06N,Judd Foster,https://www.murata.com/~/media/webrenewal/support/library/catalog/products/capacitor/mlcc/c03e.ashx?la=en-us,Murata Electronics,GCM1555C1H101JA16D,Digikey,490-10669-1-ND,"100pF �5% 50V Ceramic Capacitor C0G, NP0 0402 (1005 Metric)",100p,=Value
"CAP,Cer,10nF,25VDC,X7R,0402","CAP,Cer,10nF,25VDC,X7R,0402",CAPC1005X06N,Judd Foster,https://psearch.en.murata.com/capacitor/product/GCM155R71E103KA37%23.pdf,Murata Electronics,GCM155R71E103KA37D,Digikey,490-6043-1-ND,10000pF �10% 25V Ceramic Capacitor X7R 0402 (1005 Metric),10n,=Value
"CAP,Cer,10pF,16VDC,C0G,0402","CAP,Cer,10pF,16VDC,C0G,0402",CAPC1005X06N,Judd Foster,https://www.yageo.com/upload/media/product/productsearch/datasheet/mlcc/UPY-GP_NP0_16V-to-50V_18.pdf,Yageo,CC0402KRNPO7BN100,Digikey,311-3777-1-ND,"10 pF �10% 16V Ceramic Capacitor C0G, NP0 0402 (1005 Metric)",10p,=Value
"CAP,Cer,10uF,100VDC,X6S,1206","CAP,Cer,10uF,100VDC,X6S,1206",CAPC_1206,Judd Foster,https://product.tdk.com/en/system/files?file=dam/doc/product/capacitor/ceramic/mlcc/catalog/mlcc_commercial_midvoltage_en.pdf,TDK Corporation,C3216X6S2A106K160AC,Digikey,445-C3216X6S2A106K160ACCT-ND,10 �F �10% 100V Ceramic Capacitor X6S 1206 (3216 Metric),10u,=Value
"CAP,Cer,10uF,10VDC,X5R,0402","CAP,Cer,10uF,10VDC,X5R,0402",CAPC1005X06N,Judd Foster,https://media.digikey.com/pdf/Data%20Sheets/Samsung%20PDFs/CL05A106MP5NUNC_Spec.pdf,Samsung Electro-Mechanics,CL05A106MP5NUNC,Digikey,1276-1450-1-ND,10 �F �20% 10V Ceramic Capacitor X5R 0402 (1005 Metric),10u,=Value
"CAP,Cer,10uF,50VDC,X5R,1206","CAP,Cer,10uF,50VDC,X5R,1206",CAPC3216X16N,Judd Foster,https://www.samsungsem.com/resources/file/global/support/product_catalog/MLCC.pdf,Samsung Electro-Mechanics,CL31A106MBHNNNE,Digikey,1276-6736-1-ND,10�F �20% 50V Ceramic Capacitor X5R 1206 (3216 Metric),10u,"10u,20%,50V,X5R,1206"
"CAP,Cer,18pF,25VDC,C0G,0402","CAP,Cer,18pF,25VDC,C0G,0402",CAPC1005X06N,Judd Foster,http://www.passivecomponent.com/wp-content/uploads/2018/10/MLCC.pdf,Walsin Technology Corporation,0402N180J250CT,Digikey,1292-1265-1-ND,"18 pF �5% 25V Ceramic Capacitor C0G, NP0 0402 (1005 Metric)",18p,=Value
"CAP,Cer,1nF,50VDC,X7R,0402","CAP,Cer,1nF,50VDC,X7R,0402",CAPC1005X06N,Judd Foster,https://www.murata.com/~/media/webrenewal/support/library/catalog/products/capacitor/mlcc/c03e.ashx?la=en-us,Murata Electronics,GCM155R71H102KA37D,Digikey,490-4761-1-ND,1000pF �10% 50V Ceramic Capacitor X7R 0402 (1005 Metric),1n,=Value
"CAP,Cer,1uF,35VDC,X5R,0402","CAP,Cer,1uF,35VDC,X5R,0402",CAPC1005X06N,Judd Foster,https://product.tdk.com/info/en/catalog/datasheets/mlcc_commercial_general_en.pdf?ref_disty=digikey,TDK Corporation,C1005X5R1V105K050BC,Digikey,445-9073-1-ND,1 �F �10% 35V Ceramic Capacitor X5R 0402 (1005 Metric),1u,"1uF,10%,35V,X7R,0402"
"CAP,Cer,220pF,50VDC,C0G,0402","CAP,Cer,220pF,50VDC,C0G,0402",CAPC1005X06N,Judd Foster,http://www.passivecomponent.com/wp-content/uploads/2018/10/MLCC.pdf,Walsin Technology Corporation,0402N221J500CT,Digikey,1292-1286-1-ND,"220pF �5% 50V Ceramic Capacitor C0G, NP0 0402 (1005 Metric)",220p,=Value
"CAP,Cer,3.9pF,50VDC,C0G,0402","CAP,Cer,3.9pF,50VDC,C0G,0402",CAPC1005X06N,Judd Foster,https://api.kemet.com/component-edge/download/datasheet/CBR04C399B5GAC.pdf,KEMET,CBR04C399B5GAC,Digikey,399-CBR04C399B5GACCT-ND,"3.9 pF �0.1pF 50V Ceramic Capacitor C0G, NP0 0402 (1005 Metric)",3.9p,=Value
"CAP,Cer,33nF,50VDC,X7R,0603","CAP,Cer,33nF,50VDC,X7R,0603",CAPC_0603,Judd Foster,https://www.we-online.com/katalog/datasheet/885012206043.pdf,W�rth Elektronik,885012206043,Digikey,732-7962-1-ND,0.033 �F �10% 16V Ceramic Capacitor X7R 0603 (1608 Metric),33n,=Value
"CAP,Cer,470nF,50VDC,X7R,0805","CAP,Cer,470nF,50VDC,X7R,0805",CAPC_0805,Judd Foster,https://content.kemet.com/datasheets/KEM_C1002_X7R_SMD.pdf,KEMET,C0805C474K5RACTU,Digikey,399-8100-1-ND,CAP CER 0.47UF 50V X7R 0805,470n,=Value
"CAP,Cer,82pF,50V,C0G,0402","CAP,Cer,82pF,50V,C0G,0402",CAPC1005X06N,Judd Foster,https://www.yageo.com/upload/media/product/productsearch/datasheet/mlcc/UPY-GP_NP0_16V-to-50V_18.pdf,YAGEO,CC0402JRNPO9BN820,Digikey,311-1023-1-ND,"82 pF �5% 50V Ceramic Capacitor C0G, NP0 0402 (1005 Metric)",82p,=Value
"CAP,Omit,0402","CAP,Omit,0402",CAPC1005X06N,Judd Foster,N/A,N/A,N/A,N/A,N/A,Omit,Omit,"Omit,0402"
"CAP,Omit,0805","CAP,Omit,0805",CAPC_0805,Judd Foster,N/A,N/A,N/A,N/A,N/A,Omit,Omit,=Value
"CAP,Tant,10uF,16V,1206","CAP,Tant,10uF,16V,1206",CAPMP3216X16N,Judd Foster,https://datasheets.kyocera-avx.com/TAJ.pdf,KYOCERA AVX,TAJA106M016RNJ,Digikey,478-3859-1-ND,10 �F Molded Tantalum Capacitors 16 V 1206 (3216 Metric) 3Ohm,10u,=Value
"CAP,Tant,4.7uF,25V,1206","CAP,Tant,4.7uF,25V,1206",CAPMP3216X16N,Judd Foster,https://datasheets.kyocera-avx.com/TAJ.pdf,KYOCERA AVX,TAJA475K025RNJ,Digikey,478-11053-1-ND,4.7 �F Molded Tantalum Capacitors 25 V 1206 (3216 Metric) 3.1Ohm,4.7u,=Value
CD40109BPWR,CD40109BPWR,SOP65P5640X120-16,Judd Foster,https://www.ti.com/lit/ds/symlink/cd40109b.pdf,Texas Instruments,CD40109BPWR,Digikey,296-12163-1-ND,Voltage Level Translator Unidirectional 4 Circuit 1 Channel 16-TSSOP,,=Manufacturer 1 Part Number
"Conn,JST,4Pin,2.5mm","Conn,JST,4Pin,2.5mm",JST_B4B-XH-A,Judd Foster,https://www.jst-mfg.com/product/pdf/eng/eXH.pdf,JST Sales America Inc.,B4B-XH-A,Digikey,455-B4B-XH-A-ND,"Connector Header Through Hole 4 position 0.098"" (2.50mm)",,=Manufacturer 1 Part Number
"Conn,Micro-Fit,Hdr,6Pos,RA,Thru","Conn,Micro-Fit,Hdr,6Pos,RA,Thru",MOLEX_2125280600,Judd Foster,https://www.molex.com/webdocs/datasheets/pdf/en-us/2125280600_PCB_HEADERS.pdf,Molex,2125280600,Digikey,900-2125280600-ND,"Connector Header Through Hole, Right Angle 6 position 0.118"" (3.00mm)",,=Manufacturer 1 Part Number
"Conn,Micro-Fit,Hdr,6Pos,Thru","Conn,Micro-Fit,Hdr,6Pos,Thru",MOLEX_2068320601,Judd Foster,https://tools.molex.com/pdm_docs/sd/2068320601_sd.pdf,Molex,2068320601,Digikey,WM26556-ND,"Connector Header Through Hole 6 position 0.118"" (3.00mm)",,=Manufacturer 1 Part Number
"Conn,Nano-Fit,8Pos,SMD","Conn,Nano-Fit,8Pos,SMD",MOLEX_1054301108,Judd Foster,https://www.molex.com/webdocs/datasheets/pdf/en-us/1054301108_PCB_HEADERS.pdf,Molex,1054301108,Digikey,WM26096CT-ND,"Connector Header Surface Mount, Right Angle 8 position 0.098"" (2.50mm)",,=Manufacturer 1 Part Number
"Conn,PCI-Express,Female,SMD","Conn,PCI-Express,Female,SMD",TE_1775838-2,Judd Foster,https://www.te.com/commerce/DocumentDelivery/DDEController?Action=srchrtrv&DocNm=2041262&DocType=Customer+Drawing&DocLang=English,TE Connectivity AMP Connectors,2041262-1,Digikey,A125147CT-ND,CONN PCI EXP MINI FEMALE 52POS,,=Manufacturer 1 Part Number
"Conn,PCI-Express,Male,SMD","Conn,PCI-Express,Male,SMD",CONN_M.2_PCBEDGE,Judd Foster,https://www.te.com/commerce/DocumentDelivery/DDEController?Action=srchrtrv&DocNm=2041262&DocType=Customer+Drawing&DocLang=English,TE Connectivity AMP Connectors,N/A,N/A,N/A,CONN PCI EXP MINI MALE 52POS,,PCI-Express
"Conn,RF,SMA,Fem,50R,Thru","Conn,RF,SMA,Fem,50R,Thru",TE_5-1814832-2,Judd Foster,https://datasheet.lcsc.com/lcsc/2003251910_TE-Connectivity-5-1814832-2_C482015.pdf,TE Connectivity,5-1814832-2,LCSC,C482015,"SMA Connector Jack, Female Socket 50Ohm Through Hole Solder",,=Manufacturer 1 Part Number
"Conn,USB_C,SMD","Conn,USB_C,SMD",GCT_USB4110-GF-A,Judd Foster,https://gct.co/files/drawings/usb4110.pdf,GCT,USB4110-GF-A,Digikey,2073-USB4110-GF-A-1-ND,"USB-C (USB TYPE-C) USB 2.0 Receptacle Connector 24 (16+8 Dummy) Position Surface Mount, Right Angle",,=Manufacturer 1 Part Number
CSD88537ND,CSD88537ND,TEXASINSTRUMENTS_SO-8,Judd Foster,https://www.ti.com/lit/ds/symlink/csd88537nd.pdf?HQS=TI-null-null-digikeymode-df-pf-null-wwe&ts=1594848070723,Texas Instruments,CSD88537ND,Digikey,296-37303-1-ND,Mosfet Array 2 N-Channel (Dual) 60V 15A 2.1W Surface Mount 8-SOIC,,=Manufacturer 1 Part Number
"DIODE,Array,Schottky,Series,30V,200mA,SOT23","DIODE,Array,Schottky,Series,30V,200mA,SOT23",SOT95P240X120-3N,Judd Foster,https://www.onsemi.com/pdf/datasheet/bat54slt1-d.pdf,onsemi,BAT54SLT1G,Digikey,BAT54SLT1GOSCT-ND,"Diode Array 1 Pair Series Connection 30 V 200mA (DC) Surface Mount TO-236-3, SC-59, SOT-23-3",,=Manufacturer 1 Part Number
"DIODE,Schottky,100V,8A,SMD","DIODE,Schottky,100V,8A,SMD",VISHAY_SMPC,Judd Foster,https://www.vishay.com/docs/87532/v8pm10s.pdf,Vishay General Semiconductor - Diodes Division,V8PM10SHM3/I,Digikey,V8PM10SHM3/IGICT-ND,Diode 100 V 8A Surface Mount TO-277A (SMPC),,=Manufacturer 1 Part Number
"DIODE,Schottky,30V,100mA,SMD","DIODE,Schottky,30V,100mA,SMD",DFN65P100X50-2N,Judd Foster,https://mm.digikey.com/Volume0/opasdata/d220001/medias/docus/3209/CDBQR0130R.pdf,Comchip Technology,CDBQR0130R,Digikey,641-1272-1-ND,Diode 30 V 100mA Surface Mount 0402C/SOD-923F,,=Manufacturer 1 Part Number
"DIODE,Schottky,30V,500mA,SMD","DIODE,Schottky,30V,500mA,SMD",DFN65P100X50-2N,Judd Foster,https://www.mouser.ca/datasheet/2/80/CDBQC0530L-HF_RevB200773-1536911.pdf,Comchip Technology,CDBQC0530L-HF,Digikey,641-1889-1-ND,Diode Schottky 500mA Surface Mount 0402C/SOD-923F,,=Manufacturer 1 Part Number
"DIODE,Schottky,60V,3A,SMD","DIODE,Schottky,60V,3A,SMD",SODFL470X105-2N,Judd Foster,https://assets.nexperia.com/documents/data-sheet/PMEG6030EVP.pdf,Nexperia USA Inc.,PMEG6030EVPX,Digikey,1727-1349-1-ND,DIODE SCHOTTKY 60V 3A SOD128,,=Manufacturer 1 Part Number
"DIODE,SiC,650V,29A,SMD","DIODE,SiC,650V,29A,SMD",TO-252P970X238-3N,Judd Foster,https://assets.wolfspeed.com/uploads/2023/10/Wolfspeed_C6D08065E_data_sheet.pdf,"Wolfspeed, Inc.",C6D08065E,Digikey,1697-C6D08065E-ND,Diode 650 V 29A Surface Mount TO-252-2,,=Manufacturer 1 Part Number
"DIODE,TVS,20V,SMD,BIDIR","DIODE,TVS,20V,SMD,BIDIR",DFN65P100X50-2N,Judd Foster,https://www.diodes.com/assets/Datasheets/D20V0L1B2LP.pdf,Diodes Incorporated,D20V0L1B2LP-7B,Digikey,D20V0L1B2LP-7BDICT-ND,34V Clamp 2A (8/20�s) Ipp Tvs Diode Surface Mount X1-DFN1006-2,,=Manufacturer 1 Part Number
"DIODE,TVS,3.3V,SOD882","DIODE,TVS,3.3V,SOD882",DFN65P100X50-2N,Judd Foster,https://www.mccsemi.com/pdf/Products/ESDSLC3V3LB(DFN1006-2).pdf,Micro Commercial Co,ESDSLC3V3LB-TP,Digikey,ESDSLC3V3LB-TPMSCT-ND,20V Clamp 5A (8/20�s) Ipp Tvs Diode Surface Mount DFN1006-2,,=Manufacturer 1 Part Number
"DIODE,TVS,3.3VWM,6.2VC,SOD-923F","DIODE,TVS,3.3VWM,6.2VC,SOD-923F",DFN65P100X50-2N,Judd Foster,https://www.comchiptech.com/admin/files/product/CPDQC3V3T-HF%20RevC430538.pdf,Comchip Technology,CPDQC3V3T-HF,Digikey,641-1893-1-ND,6.2V Clamp 17A (8/20�s) Ipp Tvs Diode Surface Mount 0402C/SOD-923F,,=Manufacturer 1 Part Number
"DIODE,TVS,5.0V,SOD882","DIODE,TVS,5.0V,SOD882",MICROCOMMERCIAL_DFN1006-2_NPOL,Judd Foster,https://www.mccsemi.com/pdf/Products/ESDSLC5V0LB(DFN1006-2).pdf,Micro Commercial Co,ESDSLC5V0LB-TP,Digikey,ESDSLC5V0LB-TPMSCT-ND,20V Clamp 4A (8/20�s) Ipp Tvs Diode Surface Mount 2-DFN1006,,=Manufacturer 1 Part Number
"DIODE,Zener,15V,100mW,SMD","DIODE,Zener,15V,100mW,SMD",SODFL160X65-2N,Judd Foster,https://www.mccsemi.com/pdf/Products/BZT52C(B)2V4T-BZT52C(B)39T(SOD-523).pdf,Micro Commercial Co,BZT52C15T-TP,Digikey,BZT52C15T-TPMSCT-ND,Zener Diode �6% Surface Mount SOD-523,,=Manufacturer 1 Part Number
"DIODE,Zener,5.6V,250mW,SMD","DIODE,Zener,5.6V,250mW,SMD",DIODES_DFN1006-2,Judd Foster,https://mm.digikey.com/Volume0/opasdata/d220001/medias/docus/4849/DS_31_BZT52C2V4LP-BZT52C39LP.pdf,Diodes Incorporated,BZT52C5V6LP-7,Digikey,BZT52C5V6LPDICT-ND,Zener Diode 5.6 V 250 mW �7% Surface Mount X1-DFN1006-2,,=Manufacturer 1 Part Number
"Ferrite,470R@100MHz,0402","Ferrite,470R@100MHz,0402",INDC1005X05N,Judd Foster,https://www.murata.com/en-us/products/productdata/8796740059166/ENFA0018.pdf,Murata Electronics,BLM15PX471SN1D,Digikey,490-10662-1-ND,470 Ohms @ 100 MHz 1 Power Line Ferrite Bead 0402 (1005 Metric) 1A 200mOhm,470R,=Value
"FILTER,2.4GHz,4-Pin,0603","FILTER,2.4GHz,4-Pin,0603",JOHANSON_2450BP14D0100,Judd Foster,https://www.johansontechnology.com/datasheets/2450BP14D0100/2450BP14D0100.pdf,Johanson Technology Inc.,2450BP14D0100T,Digikey,2450BP14D0100T-ND,"2.45GHz Center Frequency Band Pass RF Filter (Radio Frequency) 100MHz Bandwidth 1.7dB 0603 (1608 Metric), 4 PC Pad",,=Manufacturer 1 Part Number
INA225AIDGKR,INA225AIDGKR,SOP65P490X110-8,Judd Foster,https://www.ti.com/general/docs/suppproductinfo.tsp?distId=10&gotoUrl=https%3A%2F%2Fwww.ti.com%2Flit%2Fgpn%2Fina225,Texas Instruments,INA225AIDGKR,Digikey,296-46096-1-ND,General Purpose Amplifier Circuit Rail-to-Rail 8-VSSOP,,=Manufacturer 1 Part Number
"IND,10uH,250mA,Multilayer,0603","IND,10uH,250mA,Multilayer,0603",INDC1608X08N,Judd Foster,https://product.tdk.com/info/en/catalog/datasheets/inductor_commercial_decoupling_mlz1608_en.pdf?ref_disty=digikey,TDK Corporation,MLZ1608M100WT000,Digikey,445-6389-1-ND,10 �H Shielded Multilayer Inductor 250 mA 1.05Ohm 0603 (1608 Metric),10u,=Value
"IND,1uH,2A,Multilayer,0603","IND,1uH,2A,Multilayer,0603",INDC1608X08N,Judd Foster,http://www.cyntec.com/upfile/products/download/HTEK16080H-000%20(A0).pdf,Delta Electronics/Cyntec,HTEK16080H-1R0MSR,Digikey,2037-HTEK16080H-1R0MSRCT-ND,1 �H Shielded - Inductor 2 A 142mOhm Max 0603 (1608 Metric) -,1u,=Value
"IND,2.5nH,850mA,Wirewound,0402","IND,2.5nH,850mA,Wirewound,0402",INDC1005X05N,Judd Foster,https://search.murata.co.jp/Ceramy/image/img/P02/JELF243A-0050.pdf,Murata Electronics,LQW15AN2N5C00D,Digikey,490-6798-1-ND,2.5 nH Unshielded Wirewound Inductor 850 mA 50mOhm Max 0402 (1005 Metric),2.5n,=Value
"IND,22uH,2.3A,Wirewound,SMD","IND,22uH,2.3A,Wirewound,SMD",INDP6060X45N,Judd Foster,https://product.tdk.com/en/system/files?file=dam/doc/product/inductor/inductor/smd/catalog/inductor_commercial_power_vls6045af_en.pdf,TDK Corporation,VLS6045AF-220M,Digikey,445-180840-1-ND,Shielded Wirewound Inductor 108mOhm Nonstandard,22u,=Value
"IND,3nH,1.35A,Wirewound,SMD","IND,3nH,1.35A,Wirewound,SMD",INDC1005X05N,Judd Foster,https://search.murata.co.jp/Ceramy/image/img/P02/JELF243A-0100.pdf,Murata Electronics,LQW15AN3N0B80D,Digikey,490-14712-1-ND,3 nH Unshielded Wirewound Inductor 1.35 A 63mOhm Max 0402 (1005 Metric),3n,=Value
"IND,4.7uH,25A,Wirewound,SMD","IND,4.7uH,25A,Wirewound,SMD",INDP176169X70N,Judd Foster,https://www.bourns.com/docs/Product-Datasheets/SRP1770TA.pdf,Bourns Inc.,SRP1770TA-4R7M,Digikey,SRP1770TA-4R7MCT-ND,"4.7 �H Shielded Drum Core, Wirewound Inductor 25 A 5.5mOhm Max Nonstandard",4.7u,=Value
"LED,Bi-Color,Red/Grn,SMD,1206","LED,Bi-Color,Red/Grn,SMD,1206",LED_XZMDKVG55W-4,Judd Foster,https://www.sunledusa.com/products/spec/XZMDKVG55W-4.pdf,SunLED,XZMDKVG55W-4,Digikey,1497-1314-1-ND,"Green, Red 570nm Green, 630nm Red LED Indication - Discrete 2.1V Green, 1.95V Red 1206 (3216 Metric)",Red/Green,=Value
"LED,Green,SMD,0603","LED,Green,SMD,0603",LITE-ON_LTST-C190KGKT,Judd Foster,https://optoelectronics.liteon.com/upload/download/DS22-2000-074/LTST-C190KGKT.PDF,Lite-On Inc.,LTST-C190KGKT,Digikey,160-1435-1-ND,Green 571nm LED Indication - Discrete 2V 0603 (1608 Metric),Green,=Value
"LED,Red,SMD,0603","LED,Red,SMD,0603",LITE-ON_LTST-C190KRKT,Judd Foster,https://optoelectronics.liteon.com/upload/download/DS-22-99-0151/LTST-C190KRKT.pdf,Lite-On Inc.,LTST-C190KRKT,Digikey,160-1436-1-ND,Red 631nm LED Indication - Discrete 2V 0603 (1608 Metric),Red,=Value
"LED,Yellow,SMD,0603","LED,Yellow,SMD,0603",LITE-ON_LTST-C190KSKT,Judd Foster,https://optoelectronics.liteon.com/upload/download/DS-22-99-0189/LTST-C190KSKT.pdf,Lite-On Inc.,LTST-C190KSKT,Digikey,160-1437-1-ND,Yellow 591nm LED Indication - Discrete 2.1V 0603 (1608 Metric),Yellow,=Value
LM2903Q2T,LM2903Q2T,SON50P200X60_HS-9N,Judd Foster,https://www.st.com/content/ccc/resource/technical/document/datasheet/44/f7/9d/99/42/20/45/fd/CD00000534.pdf/files/CD00000534.pdf/jcr:content/translations/en.CD00000534.pdf,STMicroelectronics,LM2903Q2T,Digikey,497-13503-1-ND,"Comparator Differential CMOS, DTL, ECL, TTL 8-DFN (2x2)",,=Manufacturer 1 Part Number
LMV7239M7X/NOPB,LMV7239M7X/NOPB,SOTFL65P210X110-6N,Judd Foster,https://www.ti.com/general/docs/suppproductinfo.tsp?distId=10&gotoUrl=https%3A%2F%2Fwww.ti.com%2Flit%2Fgpn%2Flmv7235,Texas Instruments,LMV7239M7X/NOPB,Digikey,296-35198-1-ND,Comparator General Purpose Push-Pull SC-70-5,,=Manufacturer 1 Part Number
LP5912-3.3DRVR,LP5912-3.3DRVR,SON65P200X80-6N,Judd Foster,http://www.ti.com/general/docs/suppproductinfo.tsp?distId=10&gotoUrl=http%3A%2F%2Fwww.ti.com%2Flit%2Fgpn%2Flp5912,Texas Instruments,LP5912-3.3DRVR,Digikey,296-47214-1-ND,Linear Voltage Regulator IC Positive Fixed 1 Output 500mA 6-WSON (2x2),,=Manufacturer 1 Part Number
MAX809SQ463T1G,MAX809SQ463T1G,SOTFL65P210X100-3,Judd Foster,https://www.onsemi.com/pdf/datasheet/max809s-d.pdf,ON Semiconductor,MAX809SQ463T1G,Digikey,MAX809SQ463T1GOSCT-ND,"Supervisor Push-Pull, Totem Pole 1 Channel SC-70-3 (SOT323)",,=Manufacturer 1 Part Number
MCP4725A0T-E/CH,MCP4725A0T-E/CH,SOTFL95P260X145-6,Judd Foster,https://datasheet.lcsc.com/lcsc/1811151442_Microchip-Tech-MCP4725A0T-E-CH_C144198.pdf,Microchip,MCP4725A0T-E/CH,LCSC,C144198,6us 12 I2C 2.7V~5.5V SOT-23-6 Digital To Analog Converters (DACs) ROHS,,=Manufacturer 1 Part Number
MCP9701AT-E/TT,MCP9701AT-ETT,MICROCHIP_SOT23,Judd Foster,https://ww1.microchip.com/downloads/en/DeviceDoc/20001942G.pdf,Microchip Technology,MCP9701AT-E/TT,Digikey,MCP9701AT-E/TTCT-ND,"Temperature Sensor Analog, Local -10�C ~ 125�C 19.5mV/�C SOT-23-3",,=Manufacturer 1 Part Number
MCP9701-E/TO,MCP9701-E/TO,TO-92,Judd Foster,http://ww1.microchip.com/downloads/en/DeviceDoc/20001942G.pdf,Microchip Technology,MCP9701-E/TO,Digikey,MCP9701-E/TO-ND,"Temperature Sensor Analog, Local -10�C ~ 125�C 19.5mV/�C TO-92-3",,=Manufacturer 1 Part Number
"Mech,Hole,M3,3mm,Plated","Mech,Hole,M3,3mm,Plated","Mech,Hole,M3,3mm,Plated",Judd Foster`,N/A,N/A,N/A,N/A,N/A,N/A,3mm,"M3, Plated"
"Mech,Standoff,M3,4mm,SMD","Mech,Standoff,M3,4mm,SMD",WURTH_9774040360R,Judd Foster,https://www.we-online.com/katalog/datasheet/9774040360R.pdf,W�rth Elektronik,9774040360R,Digikey,732-5271-1-ND,"Round Standoff Threaded M3x0.5 Steel 0.157"" (4.00mm)",,=Manufacturer 1 Part Number
MIC23150-SYMT,MIC23150-SYMT,SON50P200X60-8N,Judd Foster,https://ww1.microchip.com/downloads/en/DeviceDoc/mic23150.pdf,Microchip Technology,MIC23150-SYMT-TR,Digikey,576-3314-1-ND,Buck Switching Regulator IC Positive Fixed 3.3V 1 Output 2A 8-UFDFN,,=Manufacturer 1 Part Number
"MOSFET,N Ch,20V,915mA","MOSFET,N Ch,20V,915mA",ONSEMI_SC-89,Judd Foster,https://www.onsemi.com/pdf/datasheet/nta4153n-d.pdf,onsemi,NTE4153NT1G,Digikey,NTE4153NT1GOSCT-ND,N-Channel 20 V 915mA (Ta) 300mW (Tj) Surface Mount SC-89-3,,=Manufacturer 1 Part Number
"MOSFET,N Ch,30V,2.5A,SC-96","MOSFET,N Ch,30V,2.5A,SC-96",SOT95P280X100-3N,Judd Foster,https://fscdn.rohm.com/en/products/databook/datasheet/discrete/transistor/mosfet/rq5e025sn-e.pdf,Rohm Semiconductor,RQ5E025SNTL,Digikey,RQ5E025SNTLCT-ND,N-Channel 30 V 2.5A (Ta) 700mW (Ta) Surface Mount TSMT3,,=Manufacturer 1 Part Number
"MOSFET,N Ch,60V,100A","MOSFET,N Ch,60V,100A",DPAK127P600X120-5N,Judd Foster,https://assets.nexperia.com/documents/data-sheet/PSMN5R5-60YS.pdf,Nexperia USA Inc.,"PSMN5R5-60YS,115",Digikey,1727-4284-1-ND,"N-Channel 60V 100A (Tc) 130W (Tc) Surface Mount LFPAK56, Power-SO8",,=Manufacturer 1 Part Number
"MOSFET,N Ch,60V,464A","MOSFET,N Ch,60V,464A",ONSEMI_TDFNW8,Judd Foster,https://www.onsemi.com/pdf/datasheet/ntmts0d7n06c-d.pdf,onsemi,NTMTS0D7N06CTXG,Digikey,488-NTMTS0D7N06CTXGCT-ND,"N-Channel 60 V 60.5A (Ta), 464A (Tc) 5W (Ta), 294.6W (Tc) Surface Mount 8-DFNW (8.3x8.4)",,=Manufacturer 1 Part Number
"MOSFET,P Ch,20V,830mA","MOSFET,P Ch,20V,830mA",ONSEMI_SC-89,Judd Foster,https://rocelec.widen.net/view/pdf/hh954mlmw6/FAIR-S-A0000083184-1.pdf?t.download=true&u=5oefqw,onsemi,FDY102PZ,Digikey,FDY102PZCT-ND,P-Channel 20 V 830mA (Ta) 625mW (Ta) Surface Mount SC-89-3,,=Manufacturer 1 Part Number
"MOSFET,P Ch,30V,135A","MOSFET,P Ch,30V,135A",DIODES_DMP34M4SPS-13,Judd Foster,https://www.diodes.com/assets/Datasheets/DMP34M4SPS.pdf,Diodes Incorporated,DMP34M4SPS-13,Digikey,DMP34M4SPS-13DICT-ND,P-Channel 30 V 135A (Tc) 1.5W Surface Mount PowerDI5060-8,,=Manufacturer 1 Part Number
"MOSFET,P Ch,30V,3.8A","MOSFET,P Ch,30V,3.8A",DIODES_SOT23,Judd Foster,https://www.diodes.com/assets/Datasheets/DMP3099L.pdf,Diodes Incorporated,DMP3099L-7,Digikey,DMP3099L-7DICT-ND,P-Channel 30 V 3.8A (Ta) 1.08W (Ta) Surface Mount SOT-23-3,,=Manufacturer 1 Part Number
"NETTIE,150X300UM",NETTIE,NETTIE_150X300UM,Judd Foster,N/A,N/A,N/A,N/A,N/A,Net Tie,,
"OPTO,Phototrans,3750Vrms,SMD","OPTO,Phototrans,3750Vrms,SMD",ONSEMI_MFP4-2.5X4.4,Judd Foster,https://www.onsemi.com/pdf/datasheet/fodm214-d.pdf,onsemi,FODM217DV,Digikey,FODM217DVOS-ND,Optoisolator Transistor Output 3750Vrms Channel 4-SOP,,=Manufacturer 1 Part Number
"PCA8574PW,118","PCA8574PW,118",NEXPERIA_SOT403-1,Judd Foster,https://www.mouser.ca/datasheet/2/302/PCA8574_PCA8574A-3139543.pdf,Nexperia,"PCA8574PW,118",Mouser,771-PCA85PW118,Interface - I/O Expanders 8-BIT I2C FM QB,,=Manufacturer 1 Part Number
PCA9306DCUR,PCA9306DCUR,TEXASINSTRUMENTS_DCU0008A,Judd Foster,https://www.ti.com/lit/ds/symlink/pca9306.pdf?HQS=dis-dk-null-digikeymode-dsf-pf-null-wwe&ts=1705616121609&ref_url=https%253A%252F%252Fwww.ti.com%252Fgeneral%252Fdocs%252Fsuppproductinfo.tsp%253FdistId%253D10%2526gotoUrl%253Dhttps%253A%252F%252Fwww.ti.com,Texas Instruments,PCA9306DCUR,Digikey,296-17988-1-ND,Voltage Level Translator Bidirectional 1 Circuit 2 Channel 8-VSSOP,,=Manufacturer 1 Part Number
PCA9306DQER,PCA9306DQER,TEXASINSTRUMENTS_DQE0008A,Judd Foster,https://www.ti.com/lit/ds/symlink/pca9306.pdf?HQS=dis-dk-null-digikeymode-dsf-pf-null-wwe&ts=1705616121609&ref_url=https%253A%252F%252Fwww.ti.com%252Fgeneral%252Fdocs%252Fsuppproductinfo.tsp%253FdistId%253D10%2526gotoUrl%253Dhttps%253A%252F%252Fwww.ti.com,Texas Instruments,PCA9306DQER,Digikey,296-27957-1-ND,Voltage Level Translator Bidirectional 1 Circuit 2 Channel 8-X2SON (1.4x1),,=Manufacturer 1 Part Number
PIC18F56Q71-I/PT,PIC18F56Q71-I/PT,TSQFP50P900X900X120-48N,Judd Foster,https://ww1.microchip.com/downloads/aemDocuments/documents/MCU08/ProductDocuments/DataSheets/PIC18F26-46-56Q71-Microcontroller-Data-Sheet-DS40002329.pdf,Microchip Technology,PIC18F56Q71-I/PT,Digikey,150-PIC18F56Q71-I/PT-ND,PIC PIC� 18F Microcontroller IC 8-Bit 64MHz 64KB (64K x 8) FLASH 48-TQFP (7x7),,=Manufacturer 1 Part Number
"PTC,30V,500mA,1812","PTC,30V,500mA,1812",BELFUSE_CHIP1812,Judd Foster,https://www.belfuse.com/resources/datasheets/circuitprotection/ds-cp-0zcg-series.pdf,Bel Fuse Inc.,0ZCG0050AF2C,Digikey,507-1762-1-ND,"Polymeric PTC Resettable Fuse 30V 500 mA Ih Surface Mount 1812 (4532 Metric), Concave",500mA,=Value
REF3030AIDBZR,REF3030AIDBZR,SOT95P237X112-3N,Judd Foster,https://www.ti.com/lit/ds/symlink/ref3030.pdf?ts=1702271215532&ref_url=https%253A%252F%252Fwww.ti.com%252Fproduct%252FREF3030%252Fpart-details%252FREF3030AIDBZR,Texas Instruments,REF3030AIDBZR,LCSC,C38423,3V �0.2% 3.05V~5.5V 25mA Fixed SOT-23 Voltage References ROHS,,=Manufacturer 1 Part Number
"RES,0R0,0.1W,0402","RES,0R0,0.1W,0402",RESC1005X04N,Judd Foster,https://industrial.panasonic.com/cdbs/www-data/pdf/RDA0000/AOA0000C301.pdf,Panasonic Electronic Components,ERJ-2GE0R00X,Digikey,P0.0JCT-ND,"0 Ohms Jumper 0.1W, 1/10W Chip Resistor 0402 (1005 Metric) Automotive AEC-Q200 Thick Film",0R,=Value
"RES,0R0,0.25W,1206","RES,0R0,0.25W,1206",RESC3216X06N,Judd Foster,https://www.seielect.com/catalog/sei-rmcf_rmcp.pdf,Stackpole Electronics Inc,RMCF1206ZT0R00,Digikey,RMCF1206ZT0R00CT-ND,0 Ohms Jumper Chip Resistor 1206 (3216 Metric) Automotive AEC-Q200 Thick Film,0R,=Value
"RES,100k,0.1%,0.063W,0402","RES,100k,0.1%,0.063W,0402",RESC1005X04N,Judd Foster,https://www.yageo.com/upload/media/product/app/datasheet/rchip/pyu-rt_1-to-0.01_rohs_l.pdf,YAGEO,RT0402BRE07100KL,Digikey,YAG2304CT-ND,"100 kOhms �0.1% 0.063W, 1/16W Chip Resistor 0402 (1005 Metric) Thin Film",100k,"100k,0.1%,0.063W,0402"
"RES,10k,0.1%,0.063W,0402","RES,10k,0.1%,0.063W,0402",RESC1005X04N,Judd Foster,https://www.seielect.com/catalog/sei-rncf.pdf,Stackpole Electronics Inc,RNCF0402BTE10K0,Digikey,RNCF0402BTE10K0CT-ND,"10 kOhms �0.1% 0.1W, 1/10W Chip Resistor 0402 (1005 Metric) Automotive AEC-Q200 Thin Film",10k,"10k,0.1%,0.063W,0402"
"RES,10k,5%,0.063W,0402","RES,10k,5%,0.063W,0402",RESC1005X04N,Judd Foster,https://www.seielect.com/catalog/sei-rmcf_rmcp.pdf,Stackpole Electronics Inc,RMCF0402JT10K0,DIgikey,RMCF0402JT10K0CT-ND,"10 kOhms �5% 0.063W, 1/16W Chip Resistor 0402 (1005 Metric) Automotive AEC-Q200 Thick Film",10k,"10k,5%,0.063W,0402"
"RES,10M,1%,0.063W,0402","RES,10M,1%,0.063W,0402",RESC1005X04N,Judd Foster,https://www.yageo.com/upload/media/product/app/datasheet/rchip/pyu-rc_group_51_rohs_l.pdf,YAGEO,RC0402FR-0710ML,Digikey,311-10.0MLRCT-ND,"10 MOhms �1% 0.063W, 1/16W Chip Resistor 0402 (1005 Metric) Moisture Resistant Thick Film",10M,"10M,1%,0.063W,0402"
"RES,10m,1%,1W,1206","RES,10m,1%,1W,1206",RESC3216X08N,Judd Foster,https://www.seielect.com/catalog/sei-csrf.pdf,Stackpole Electronics Inc,CSRF1206FT10L0,Digikey,CSRF1206FT10L0CT-ND,RES 0.01 OHM 1% 1W 1206,10m,"0R01,1%,1W,1206"
"RES,10m,1%,2W,2512","RES,10m,1%,2W,2512",PANASONIC_ERJMS4H,Judd Foster,https://industrial.panasonic.com/cdbs/www-data/pdf/RDN0000/AOA0000C319.pdf,Panasonic Electronic Components,ERJ-MS4HF10MU,Digikey,P17098CT-ND,"10 mOhms �1% 2W Chip Resistor 2512 (6432 Metric) Automotive AEC-Q200, Current Sense, Moisture Resistant Metal Element",10m,"0R01,1%,2W,2512"
"RES,10R,1%,0.063W,0402","RES,10R,1%,0.063W,0402",RESC1005X04N,Judd Foster,https://industrial.panasonic.com/cdbs/www-data/pdf/RDA0000/AOA0000C304.pdf,Panasonic Electronic Components,ERJ-2RKF10R0X,Digikey,P10.0LCT-ND,"10 Ohms �1% 0.063W, 1/16W Chip Resistor 0402 (1005 Metric) Automotive AEC-Q200 Thick Film",10R,"10R,1%,0.063W,0402"
"RES,10R,1%,0.25W,1206","RES,10R,1%,0.25W,1206",RESC3216X06N,Judd Foster,https://www.te.com/commerce/DocumentDelivery/DDEController?Action=srchrtrv&DocNm=1773204-3&DocType=DS&DocLang=English,TE Connectivity Passive Product,CRGCQ1206F10R,Digikey,A129786CT-ND,"10 �1% 0.25W, 1/4W Chip Resistor 1206 (3216 Metric) Automotive AEC-Q200, Moisture Resistant Thick Film",10R,"10R,1%,0.25W,1206"
"RES,140k,1%,0.1W,0402","RES,140k,1%,0.1W,0402",RESC1005X04N,Judd Foster,https://industrial.panasonic.com/cdbs/www-data/pdf/RDA0000/AOA0000C304.pdf,Panasonic Electronic Components,ERJ-2RKF1403X,Digikey,P140KLCT-ND,"140 kOhms �1% 0.1W, 1/10W Chip Resistor 0402 (1005 Metric) Automotive AEC-Q200 Thick Film",140k,"140k,1%,0.1W,0402"
"RES,150R,1%,0.1W,0402","RES,150R,1%,0.1W,0402",RESC1005X04N,Judd Foster,https://www.te.com/commerce/DocumentDelivery/DDEController?Action=srchrtrv&DocNm=1773204-3&DocType=DS&DocLang=English,TE Connectivity Passive Product,CRGCQ0402F150R,Digikey,A129617CT-ND,"150 Ohms �1% 0.063W, 1/16W Chip Resistor 0402 (1005 Metric) Automotive AEC-Q200, Moisture Resistant Thick Film",150R,"150R,1%,0.063W,0402"
"RES,17k4,0.1%,0.063W,0402","RES,17k4,0.1%,0.063W,0402",RESC1005X04N,Judd Foster,https://www.yageo.com/upload/media/product/productsearch/datasheet/rchip/PYu-RT_1-to-0.01_RoHS_L_15.pdf,YAGEO,RT0402BRD0717K4L,Digikey,YAG1363CT-ND,"17.4 kOhms �0.1% 0.063W, 1/16W Chip Resistor 0402 (1005 Metric) Thin Film",17k4,"17k4,0.1%,0.063W,0402"
"RES,1k,5%,0.063W,0402","RES,1k,5%,0.063W,0402",RESC1005X04N,Judd Foster,https://www.seielect.com/catalog/sei-rmcf_rmcp.pdf,Stackpole Electronics Inc,RMCF0402JT1K00,DIgikey,RMCF0402JT1K00CT-ND,"1 kOhms �5% 0.063W, 1/16W Chip Resistor 0402 (1005 Metric) Automotive AEC-Q200 Thick Film",1k,"1k,5%,0.063W,0402"
"RES,1k1,0.1%,0.063W,0402","RES,1k1,0.1%,0.063W,0402",RESC1005X04N,Judd Foster,https://industrial.panasonic.com/cdbs/www-data/pdf/RDM0000/AOA0000C307.pdf,Panasonic Electronic Components,ERA-2AEB112X,Digikey,P1.1KDCCT-ND,"1.1 kOhms �0.1% 0.063W, 1/16W Chip Resistor 0402 (1005 Metric) Automotive AEC-Q200 Thin Film",1k1,"1k1,0.1%,0.063W,0402"
"RES,1k2,0.1%,0.063W,0402","RES,1k2,0.1%,0.063W,0402",RESC1005X04N,Judd Foster,https://www.yageo.com/upload/media/product/productsearch/datasheet/rchip/PYu-RT_1-to-0.01_RoHS_L_15.pdf,Yageo,RT0603BRD071K2L,Digikey,YAG1563CT-ND,"1.2 kOhms �0.1% 0.1W, 1/10W Chip Resistor 0603 (1608 Metric) Thin Film",1k2,"1k2,0.1%,0.063W,0402"
"RES,1k5,0.1%,0.063W,0402","RES,1k5,0.1%,0.063W,0402",RESC1005X04N,Judd Foster,https://industrial.panasonic.com/cdbs/www-data/pdf/RDM0000/AOA0000C307.pdf,Panasonic Electronic Components,ERA-2AEB152X,Digikey,P1.5KDCCT-ND,"1.5 kOhms �0.1% 0.063W, 1/16W Chip Resistor 0402 (1005 Metric) Automotive AEC-Q200 Thin Film",1k5,"1k5,0.1%,0.063W,0402"
"RES,1k5,1%,0.063W,0402","RES,1k5,1%,0.063W,0402",RESC1005X04N,Judd Foster,https://www.yageo.com/upload/media/product/productsearch/datasheet/rchip/PYu-RC_Group_51_RoHS_L_10.pdf,Yageo,RC0402FR-071K5L,Digikey,311-1.50KLRCT-ND,"1.5 kOhms �1% 0.063W, 1/16W Chip Resistor 0402 (1005 Metric) Moisture Resistant Thick Film",1k5,"1k5,1%,0.063W,0402"
"RES,220R,1%,0.063W,0402","RES,220R,1%,0.063W,0402",RESC1005X04N,Judd Foster,https://www.yageo.com/upload/media/product/productsearch/datasheet/rchip/PYu-RC_Group_51_RoHS_L_12.pdf,Yageo,RC0402FR-07220RL,Digikey,311-220LRCT-ND,"220 Ohms �1% 0.063W, 1/16W Chip Resistor 0402 (1005 Metric) Moisture Resistant Thick Film",220R,"220R,1%,0.063W,0402"
"RES,22R,1%,0.063W,0402","RES,22R,1%,0.063W,0402",RESC1005X04N,Judd Foster,https://www.yageo.com/upload/media/product/productsearch/datasheet/rchip/PYu-RC_Group_51_RoHS_L_10.pdf,Yageo,RC0402FR-0722RL,Digikey,311-22.0LRCT-ND,RES SMD 22 OHM 1% 1/16W 0402,22R,"22R,1%,0.063W,0402"
"RES,2k2,0.1%,0.063W,0402","RES,2k2,0.1%,0.063W,0402",RESC1005X04N,Judd Foster,https://www.susumu.co.jp/common/pdf/n_catalog_partition01_en.pdf,Susumu,RG1005P-222-B-T5,Digikey,RG10P2.2KBCT-ND,"2.2 kOhms �0.1% 0.063W, 1/16W Chip Resistor 0402 (1005 Metric) Anti-Sulfur, Automotive AEC-Q200 Thin Film","2k2,0.1%",=Value
"RES,2R2,5%,0.063W,0402","RES,2R2,5%,0.063W,0402",RESC1005X04N,Judd Foster,https://www.te.com/commerce/DocumentDelivery/DDEController?Action=srchrtrv&DocNm=1773204-3&DocType=DS&DocLang=English,TE Connectivity Passive Product,CRGCQ0402J2R2,DIgikey,A130032CT-ND,"2.2 Ohms �5% 0.063W, 1/16W Chip Resistor 0402 (1005 Metric) Automotive AEC-Q200, Moisture Resistant Thick Film",2R2,=Value
"RES,31k6,0.1%,0.063W,0402","RES,31k6,0.1%,0.063W,0402",RESC1005X04N,Judd Foster,https://www.yageo.com/upload/media/product/app/datasheet/rchip/pyu-rt_1-to-0.01_rohs_l.pdf,YAGEO,RT0603BRD0731K6L,Digikey,YAG4532CT-ND,"31.6 kOhms �0.1% 0.1W, 1/10W Chip Resistor 0603 (1608 Metric) Thin Film","31k6,0.1%",=Value
"RES,330R,0.1%,0.063W,0402","RES,330R,0.1%,0.063W,0402",RESC1005X04N,Judd Foster,https://www.yageo.com/upload/media/product/app/datasheet/rchip/pyu-rt_1-to-0.01_rohs_l.pdf,YAGEO,RT0402BRD07330RL,Digikey,YAG4243CT-ND,"330 Ohms �0.1% 0.063W, 1/16W Chip Resistor 0402 (1005 Metric) Thin Film","330R,0.1%",=Value
"RES,39R,1%,0.063W,0402","RES,39R,1%,0.063W,0402",RESC1005X04N,Judd Foster,https://www.yageo.com/upload/media/product/productsearch/datasheet/rchip/PYu-RC_Group_51_RoHS_L_12.pdf,YAGEO,RC0402FR-0739RL,Digikey,311-39.0LRCT-ND,"39 Ohms �1% 0.063W, 1/16W Chip Resistor 0402 (1005 Metric) Moisture Resistant Thick Film",39R,=Value
"RES,3k09,0.1%,0.063W,0402","RES,3k09,0.1%,0.063W,0402",RESC1005X04N,Judd Foster,https://www.yageo.com/upload/media/product/app/datasheet/rchip/pyu-rt_1-to-0.01_rohs_l.pdf,YAGEO,RT0402BRD073K09L,Digikey,YAG4252CT-ND,"3.09 kOhms �0.1% 0.063W, 1/16W Chip Resistor 0402 (1005 Metric) Thin Film","3k09,1%",=Value
"RES,3k16,0.1%,0.063W,0402","RES,3k16,0.1%,0.063W,0402",RESC1005X04N,Judd Foster,https://www.yageo.com/upload/media/product/app/datasheet/rchip/pyu-rt_1-to-0.01_rohs_l.pdf,YAGEO,RT0402BRD073K16L,Digikey,YAG4253CT-ND,"3.16 kOhms �0.1% 0.063W, 1/16W Chip Resistor 0402 (1005 Metric) Thin Film","3k16,0.1%",=Value
"RES,3k2,0.5%,0.063W,0402","RES,3k2,0.5%,0.063W,0402",RESC1005X04N,Judd Foster,https://www.yageo.com/upload/media/product/productsearch/datasheet/rchip/PYu-RT_1-to-0.01_RoHS_L_12.pdf,YAGEO,RT0402DRE073K2L,Digikey,311-2283-1-ND,"3.2 kOhms �0.5% 0.063W, 1/16W Chip Resistor 0402 (1005 Metric) Thin Film",3k2,=Value
"RES,47k,1%,0.1W,0402","RES,47k,1%,0.1W,0402",RESC1005X04N,Judd Foster,https://industrial.panasonic.com/cdbs/www-data/pdf/RDA0000/AOA0000C304.pdf,Panasonic Electronic Components,ERJ-2RKF4702X,Digikey,P47.0KLCT-ND,"47 kOhms �1% 0.1W, 1/10W Chip Resistor 0402 (1005 Metric) Automotive AEC-Q200 Thick Film",47k,=Value
"RES,50m,1%,0.5W,1206","RES,50m,1%,0.5W,1206",RESC3216X06N,Judd Foster,https://www.ohmite.com/assets/docs/res_kdv.pdf?r=false,Ohmite,KDV12FR050ET,Digikey,273-KDV12FR050ETCT-ND,"50 mOhms �1% 0.5W, 1/2W Chip Resistor 1206 (3216 Metric) Current Sense Metal Film",50m,"0R05,1%,0.5W,1206"
"RES,5k11,1%,0.063W,0402","RES,5k11,1%,0.063W,0402",RESC1005X04N,Judd Foster,https://www.yageo.com/upload/media/product/productsearch/datasheet/rchip/PYu-AC_51_RoHS_L_7.pdf,Yageo,AC0402FR-075K11L,Digikey,13-AC0402FR-075K11LCT-ND,"5.11 kOhms �1% 0.063W, 1/16W Chip Resistor 0402 (1005 Metric) Automotive AEC-Q200, Moisture Resistant Thick Film",5k11,=Value
"RES,5k62k,1%,0.063W,0402","RES,5k62k,1%,0.063W,0402",RESC1005X04N,Judd Foster,https://www.seielect.com/catalog/sei-rmcf_rmcp.pdf,Stackpole Electronics Inc,RMCF0402FT5K62,DIgikey,RMCF0402FT5K62CT-ND,"5.62 kOhms �1% 0.063W, 1/16W Chip Resistor 0402 (1005 Metric) Automotive AEC-Q200 Thick Film",5k62,=Value
"RES,60R4,1%,0.063W,0402","RES,60R4,1%,0.063W,0402",RESC1005X04N,Judd Foster,https://www.seielect.com/catalog/sei-rmcf_rmcp.pdf,Stackpole Electronics Inc,RMCF0402FT60R4,Digikey,RMCF0402FT60R4CT-ND,"60.4 Ohms �1% 0.063W, 1/16W Chip Resistor 0402 (1005 Metric) Automotive AEC-Q200 Thick Film",60R4,=Value
"RES,62k,1%,0.063W,0402","RES,62k,1%,0.063W,0402",RESC1005X04N,Judd Foster,https://www.bourns.com/docs/product-datasheets/cr.pdf?sfvrsn=574d41f6_14,Bourns Inc.,CR0402-FX-6202GLF,Digikey,CR0402-FX-6202GLFCT-ND,"62 kOhms �1% 0.063W, 1/16W Chip Resistor 0402 (1005 Metric) Thick Film",62k,=Value
"RES,680R,1%,0.063W,0402","RES,680R,1%,0.063W,0402",RESC1005X04N,Judd Foster,https://www.te.com/commerce/DocumentDelivery/DDEController?Action=srchrtrv&DocNm=1773204-3&DocType=DS&DocLang=English,TE Connectivity Passive Product,CRGCQ0402F680R,Digikey,A129625CT-ND,"680 Ohms �1% 0.063W, 1/16W Chip Resistor 0402 (1005 Metric) Automotive AEC-Q200, Moisture Resistant Thick Film",680R,=Value
"RES,750k,1%,0.063W,0402","RES,750k,1%,0.063W,0402",RESC1005X04N,Judd Foster,https://www.yageo.com/upload/media/product/app/datasheet/rchip/pyu-rc_group_51_rohs_l.pdf,YAGEO,RC0402FR-07750KL,Digikey,YAG3228CT-ND,"750 kOhms �1% 0.063W, 1/16W Chip Resistor 0402 (1005 Metric) Moisture Resistant Thick Film",750k,=Value
"RES,78k7,0.1%,0.063W,0402","RES,78k7,0.1%,0.063W,0402",RESC1005X04N,Judd Foster,https://www.yageo.com/upload/media/product/productsearch/datasheet/rchip/PYu-RT_1-to-0.01_RoHS_L_13.pdf,Yageo,RT0402BRD0778K7L,Digikey,YAG4311CT-ND,"78.7 kOhms �0.1% 0.063W, 1/16W Chip Resistor 0402 (1005 Metric) Thin Film","78k7,0.1%",=Value
"RES,Omit,0402","RES,Omit,0402",RESC1005X04N,Judd Foster,N/A,N/A,N/A,N/A,N/A,Omit,Omit,=Value
"RES,Omit,1206","RES,Omit,1206",RESC3216X06N,Judd Foster,N/A,N/A,N/A,N/A,N/A,Omit,Omit,=Value
RT6285GSP,RT6285GSP,RICHTEK_PSOP-8,Judd Foster,https://www.richtek.com/SaveDownload.aspx?specid=RT6285,Richtek USA Inc.,RT6285GSP,Digikey,1028-RT6285GSPCT-ND,"Buck Switching Regulator IC Positive Adjustable 1.222V 1 Output 5A 8-SOIC (0.154"", 3.90mm Width) Exposed Pad",,=Manufacturer 1 Part Number
SN74AHCT245PWR,SN74AHCT245PWR,TSOP65P640X120-20N,Judd Foster,https://www.ti.com/lit/ds/scls233p/scls233p.pdf,Texas Instruments,SN74AHCT245PWR,Digikey,296-1118-1-ND,"Transceiver, Non-Inverting 1 Element 8 Bit per Element 3-State Output 20-TSSOP",,=Manufacturer 1 Part Number
SN74LVC2G08DCUR,SN74LVC2G08DCUR,SOP50P310X09-8,Judd Foster,https://www.ti.com/general/docs/suppproductinfo.tsp?distId=10&gotoUrl=https%3A%2F%2Fwww.ti.com%2Flit%2Fgpn%2Fsn74lvc2g08,Texas Instruments,SN74LVC2G08DCUR,Digikey,296-13264-1-ND,AND Gate IC 2 Channel 8-VSSOP,,=Manufacturer 1 Part Number
SN74LVC2G132DCUR,SN74LVC2G132DCUR,SOP50P310X09-8,Judd Foster,https://www.ti.com/general/docs/suppproductinfo.tsp?distId=10&gotoUrl=https%3A%2F%2Fwww.ti.com%2Flit%2Fgpn%2Fsn74lvc2g132,Texas Instruments,SN74LVC2G132DCUR,Digikey,296-18802-1-ND,NAND Gate IC 2 Channel Schmitt Trigger 8-VSSOP,,=Manufacturer 1 Part Number
SN74LVC2G32DCUR,SN74LVC2G32DCUR,SOP50P310X09-8,Judd Foster,https://www.ti.com/general/docs/suppproductinfo.tsp?distId=10&gotoUrl=https%3A%2F%2Fwww.ti.com%2Flit%2Fgpn%2Fsn74lvc2g32,Texas Instruments,SN74LVC2G32DCUR,Digikey,296-13268-1-ND,OR Gate IC 2 Channel 8-VSSOP,,=Manufacturer 1 Part Number
SN74LXC2T45DCUR,SN74LXC2T45DCUR,SOP50P310X09-8,Judd Foster,https://www.ti.com/lit/ds/symlink/sn74lxc2t45.pdf,Texas Instruments,SN74LXC2T45DCUR,Digikey,296-SN74LXC2T45DCURCT-ND,Voltage Level Translator Bidirectional 1 Circuit 2 Channel 420Mbps 8-VSSOP,,=Manufacturer 1 Part Number
"Switch,Tactile,SPST-NO,SMD,H1.5","Switch,Tactile,SPST-NO,SMD,H1.5",C&K_PTS525SM15SMTR2 LFS,Judd Foster,https://www.ckswitches.com/media/1467/pts525.pdf,C&K,PTS525SM15SMTR2 LFS,Digikey,CKN9104CT-ND,Tactile Switch SPST-NO Top Actuated Surface Mount,,=Manufacturer 1 Part Number
"Switch,Tactile,SPST-NO,SMD,H4.3","Switch,Tactile,SPST-NO,SMD,H4.3",C&K_PTS645SK43SMTR92 LFS,Judd Foster,https://www.ckswitches.com/media/1471/pts645.pdf,C&K,PTS645SK43SMTR92 LFS,Digikey,CKN9084CT-ND,Tactile Switch SPST-NO Top Actuated Surface Mount,,=Manufacturer 1 Part Number
SX1280IMLTRT,SX1280IMLTRT,SEMTECH_MLPQ24-4X4,Judd Foster,https://media.digikey.com/pdf/Data%20Sheets/Semtech%20PDFs/SX1280-81_Rev3.2_Mar2020.pdf,Semtech Corporation,SX1280IMLTRT,Digikey,SX1280IMLTRTCT-ND,IC RF TxRx Only 802.15.4 LoRa� 2.4GHz 24-WFQFN Exposed Pad,,=Manufacturer 1 Part Number
"Term,Header,3 Pin,Top,2.54mm","Term,Header,3 Pin,Top,2.54mm",WURTH_61300311121,Judd Foster,https://katalog.we-online.de/em/datasheet/6130xx11121.pdf,W�rth Elektronik,61300311121,Digikey,732-5316-ND,CONN HEADER VERT 3POS 2.54MM,,=Manufacturer 1 Part Number
"Term,Header,5x2 Pin,Shroud,1.27mm,SMD","Term,Header,5x2 Pin,Shroud,1.27mm,SMD",CNC Tech_3221-10-0300-00,Judd Foster,http://www.cnctech.us/pdfs/3221-XX-0300-00_.pdf,CNC Tech,3221-10-0300-00,Digikey,1175-1735-ND,"Connector Header Surface Mount 10 position 0.050"" (1.27mm)",,=Manufacturer 1 Part Number
"Term,Header,7x2 Pin,2.00mm,Right,SMD","Term,Header,7x2 Pin,2.00mm,Right,SMD",AMPHENOL_10112690-G03-07ULF,Judd Foster,https://cdn.amphenol-cs.com/media/wysiwyg/files/drawing/10112690.pdf,Amphenol ICC (FCI),10112690-G03-07ULF,Digikey,609-10112690-G03-07ULF-ND,"Connector Header Surface Mount, Right Angle 14 position 0.079"" (2.00mm)",,=Manufacturer 1 Part Number
"Term,Header,Vert,2 Pin,3mm","Term,Header,Vert,2 Pin,3mm",MOLEX_430450212,Judd Foster,https://www.molex.com/pdm_docs/sd/430450212_sd.pdf,Molex,430450212,Digikey,WM1789-ND,Connector Header Through Hole 2 position,,=Manufacturer 1 Part Number
"Term,Rcpt,7x2 Pin,2.00mm,Right,SMD","Term,Rcpt,7x2 Pin,2.00mm,Right,SMD",TE_1-2307729-4,Judd Foster,https://www.te.com/commerce/DocumentDelivery/DDEController?Action=srchrtrv&DocNm=1-1773968-2-1909&DocType=DS&DocLang=English,TE Connectivity AMP Connectors,1-2307729-4,Digikey,17-1-2307729-4CT-ND,"14 Position Receptacle Connector 0.079"" (2.00mm) Surface Mount, Right Angle Gold",,=Manufacturer 1 Part Number
"Testpoint,Pad,SMD","Testpoint,Pad,SMD",TP100,Judd Foster,N/A,N/A,N/A,N/A,N/A,PCB Testpoint 1mm Round,,"Testpoint,Pad,SMD,1mm,Round"
TL431BIDBZR,TL431BIDBZR,SOT95P240X120-3N,Judd Foster,http://www.ti.com/lit/ds/symlink/tl431.pdf,Texas Instruments,TL431BIDBZR,Digikey,296-18872-1-ND,IC VREF SHUNT 36V 0.5% SOT23-3,,=Manufacturer 1 Part Number
TLV9002QDGKRQ1,TLV9002QDGKRQ1,SOP65P490X110-8,Judd Foster,https://www.ti.com/lit/ds/symlink/tlv9001-q1.pdf?ts=1702270446565&ref_url=https%253A%252F%252Fwww.google.com%252F,Texas Instruments,TLV9002QDGKRQ1,Digikey,296-TLV9002QDGKRQ1CT-ND,General Purpose Amplifier Circuit Rail-to-Rail 8-VSSOP,,=Manufacturer 1 Part Number
TPS2121RUXR,TPS2121RUXR,TEXASINSTRUMENTS_PKG_RUX0012A,Judd Foster,https://www.ti.com/general/docs/suppproductinfo.tsp?distId=10&gotoUrl=https%3A%2F%2Fwww.ti.com%2Flit%2Fgpn%2Ftps2120,Texas Instruments,TPS2121RUXR,Digikey,296-53410-1-ND,OR Controller Source Selector Switch N-Channel 2:1 12-VQFN-HR (2x2.5),,=Manufacturer 1 Part Number
TPS48111LQDGXRQ1,TPS48111LQDGXRQ1,TEXASINSTRUMENTS_PKG_DGX0019A,Judd Foster,https://www.ti.com/lit/ds/symlink/tps4811-q1.pdf?ts=1703220557503&ref_url=https%253A%252F%252Fwww.ti.com%252Fproduct%252FTPS4811-Q1,Texas Instruments,TPS48111LQDGXRQ1,Digikey,296-TPS48111LQDGXRQ1CT-ND,Power Switch/Driver 1:1 N-Channel 4A 19-VSSOP,,=Manufacturer 1 Part Number
"Trans,NPN,150V,1A,TO252","Trans,NPN,150V,1A,TO252",DIODES_TO252,Judd Foster,https://www.diodes.com/assets/Datasheets/ZXTN4004K.pdf,Diodes Incorporated,ZXTN4004KTC,Digikey,ZXTN4004KTCDICT-ND,Bipolar (BJT) Transistor NPN 150 V 1 A 3.8 W Surface Mount TO-252-3,,=Manufacturer 1 Part Number
"Trans,NPN,40V,600mA,SOT523","Trans,NPN,40V,600mA,SOT523",SOTFL50P160X90-3N,Judd Foster,https://media.digikey.com/pdf/Data%20Sheets/Diodes%20PDFs/MMBT2222AT_Rev2016.pdf,Diodes Incorporated,MMBT2222AT-7-F,Digikey,MMBT2222AT-FDICT-ND,Bipolar (BJT) Transistor NPN 40 V 600 mA 300MHz 150 mW Surface Mount SOT-523,,=Manufacturer 1 Part Number
"Trans,PNP,40V,600mA,SOT523","Trans,PNP,40V,600mA,SOT523",DIODES_SOT523,Judd Foster,https://www.diodes.com/assets/Datasheets/ds30273.pdf,Diodes Incorporated,MMBT4403T-7-F,Digikey,MMBT4403T-FDICT-ND,Bipolar (BJT) Transistor PNP 40 V 600 mA 200MHz 150 mW Surface Mount SOT-523,,=Manufacturer 1 Part Number
"Transformer,SMPS,Symmetric,1.3:1,3125V,SMD","Transformer,SMPS,Symmetric,1.3:1,3125V,SMD",WURTH_760390014,Judd Foster,https://www.we-online.de/katalog/datasheet/760390014.pdf,W�rth Elektronik,760390014,Digikey,732-4458-1-ND,"Forward, Push-Pull Converters For For DC/DC Converters SMPS Transformer 3125Vrms Isolation 10kHz Surface Mount",,=Manufacturer 1 Part Number
TS2596SCS,TS2596SCS,SOIC127P600X155-8N,Judd Foster,https://www.mouser.ca/datasheet/2/395/TS2596SCS_C1602-1918567.pdf,Texas Instruments,TS2596SCS RLG,Mouser,821-TS2596SCSRLG,Switching Voltage Regulators 3A STEP DOWN 3.3V ADJUSTABLE SWITCHING VOLT REG,,=Manufacturer 1 Part Number
TXU0104PWR,TXU0104PWR,SOP65P640X120-14N,Judd Foster,http://www.ti.com/general/docs/suppproductinfo.tsp?distId=10&gotoUrl=http%3A%2F%2Fwww.ti.com%2Flit%2Fgpn%2FTXU0104,Texas Instruments,TXU0104PWR,Digikey,296-TXU0104PWRCT-ND,General Purpose Amplifier Circuit Rail-to-Rail 8-VSSOP,,=Manufacturer 1 Part Number
UCC27511AQDBVRQ1,UCC27511AQDBVRQ1,SOTFL95P260X145-6,Judd Foster,https://www.ti.com/general/docs/suppproductinfo.tsp?distId=26&gotoUrl=https://www.ti.com/lit/gpn/ucc27511a-q1,Texas Instruments,UCC27511AQDBVRQ1,Mouser,595-UCC27511AQDBVRQ1,Gate Drivers Sngl-Ch high-Spd Low-Side Gate Driver,,=Manufacturer 1 Part Number
USB3740B-AI2-TR,USB3740B-AI2-TR,QFN40P130X180X60-10N,Judd Foster,https://ww1.microchip.com/downloads/en/DeviceDoc/00001725D.pdf,Microchip Technology,USB3740B-AI2-TR,Digikey,USB3740B-AI2-CT-ND,USB Switch USB 2.0 - Interface 10-QFN (1.6x2.1),,=Manufacturer 1 Part Number
"XTAL,12MHz,10pF,SMD","XTAL,12MHz,10pF,SMD",ABRACON_ABM8G-12.000MHZ-4Y-T3,Judd Foster,https://abracon.com/Resonators/ABM8G.pdf,Abracon LLC,ABM8G-12.000MHZ-4Y-T3,Digikey,535-10901-1-ND,CRYSTAL 12.0000MHZ 10PF SMD,12MHz,=Value
"XTAL,52.0000MHZ,8pF,SMD","XTAL,52.0000MHZ,8pF,SMD",ECS_ECX-1247,Judd Foster,https://ecsxtal.com/store/pdf/ECX_1247.pdf,ECS Inc.,ECS-520-8-47-CKM-TR,Digikey,XC2554CT-ND,"52 MHz �10ppm Crystal 8pF 50 Ohms 4-SMD, No Lead",52MHz,=Value
"XTAL,8MHz,12pF,SMD","XTAL,8MHz,12pF,SMD",ECS_ECS-80-12-33-JGN-TR,Judd Foster,https://www.mouser.ca/datasheet/2/122/ecx_32-1100709.pdf,ECS Inc.,ECS-80-12-33-JGN-TR,Digikey,50-ECS-80-12-33-JGN-CT-ND,"8 MHz �20ppm Crystal 12pF 400 Ohms 4-SMD, No Lead",8MHz,=Value
LT3751EFE#TRPBF,LT3751EFE#TRPBF,ANALOGDEVICES_FE,Judd Foster,https://www.analog.com/media/en/technical-documentation/data-sheets/lt3751.pdf,Analog Devices Inc.,LT3751EFE#TRPBF,Digikey,LT3751EFE#TRPBFCT-ND,Photoflash Capacitor Charger PMIC 20-TSSOP-EP,,=Manufacturer 1 Part Number
"XFR,Flyback,WURTH_750032050","XFR,Flyback,WURTH_750032050",WURTH_750032050,Judd Foster,https://www.we-online.com/components/products/datasheet/750032050.pdf,Würth Elektronik,750032050,Digikey,732-2128-1-ND,Flyback Converters For For DC/DC Converters SMPS Transformer 1000VDC Isolation 100 ~ 400kHz Surface Mount,,=Manufacturer 1 Part Number
"Diode,Gen,600V,3A,SMB","Diode,Gen,600V,3A,SMB",ONSEMI_SMB,Judd Foster,https://www.onsemi.com/pdf/datasheet/murs360bt3-d.pdf,onsemi,MURS360BT3G,Digikey,MURS360BT3GOSCT-ND,Diode 600 V 3A Surface Mount SMB,,=Manufacturer 1 Part Number
CD4093BPWR,CD4093BPWR,TEXASINSTRUMENTS_PW0014A,Judd Foster,https://www.ti.com/lit/ds/symlink/lm2694.pdf?ts=1709354726589&ref_url=https%253A%252F%252Fwww.google.com%252F,Texas Instruments,CD4093BPWR,Digikey,296-13873-1-ND,NAND Gate IC 4 Channel Schmitt Trigger 14-TSSOP,,=Manufacturer 1 Part Number
"CAP,Cer,68nF,1kVDC,X7R,1808","CAP,Cer,68nF,1kVDC,X7R,1808",CAPC_1808,Judd Foster,https://connect.kemet.com:7667/gateway/IntelliData-ComponentDocumentation/1.0/download/datasheet/C1808C683KDRACTU,KEMET,C1808C683KDRAC7800,Digikey,399-C1808C683KDRAC7800CT-ND,0.068 µF ±10% 1000V (1kV) Ceramic Capacitor X7R 1808 (4520 Metric),68n,=Value
LDK320M-R,LDK320M-R,STMICRO_SOT23-5L,Judd Foster,https://www.st.com/resource/en/datasheet/ldk320.pdf,STMicroelectronics,LDK320M-R,Digikey,497-16565-1-ND,Linear Voltage Regulator IC Positive Adjustable 1 Output 200mA SOT-23-5,,=Manufacturer 1 Part Number
NE555DR,NE555DR,TEXASINSTRUMENTS_D0008A,Judd Foster,https://www.ti.com/general/docs/suppproductinfo.tsp?distId=10&gotoUrl=https%3A%2F%2Fwww.ti.com%2Flit%2Fgpn%2Fse555,Texas Instruments,NE555DR,Digikey,296-6501-1-ND,"555 Type, Timer/Oscillator (Single) IC 100kHz 8-SOIC",,=Manufacturer 1 Part Number
"RES,1M,0.1%,0.125W,0805","RES,1M,0.1%,0.125W,0805",RESC2012X07N,Judd Foster,https://mm.digikey.com/Volume0/opasdata/d220001/medias/docus/1162/RG_RM_RGH_Oct2012.pdf,Susumu,RG2012P-105-B-T5,Digikey,408-RG2012P-105-B-T5CT-ND,"1 MOhms ±0.1% 0.125W, 1/8W Chip Resistor 0805 (2012 Metric) Anti-Sulfur, Automotive AEC-Q200 Thin Film","1M,0.1%","1M,0.1%,0.125W,0805"
"RES,3k9,0.1%,0.063W,0402","RES,3k9,0.1%,0.063W,0402",RESC1005X04N,Judd Foster,https://www.yageo.com/upload/media/product/app/datasheet/rchip/pyu-rt_1-to-0.01_rohs_l.pdf,YAGEO,RT0402BRD073K9L,Digikey,YAG1427CT-ND,"3.9 kOhms ±0.1% 0.063W, 1/16W Chip Resistor 0402 (1005 Metric) Thin Film","3k9,0.1%",=Value
"Switch,DIP,4P,Slide,SPST","Switch,DIP,4P,Slide,SPST",NKK-SWITCHES_JS0204AP4-S,Judd Foster,https://mm.digikey.com/Volume0/opasdata/d220001/medias/docus/633/JS02%2C04_Series.pdf,NKK Switches,JS0204AP4-S,Digikey,360-3899-ND,Dip Switch SPST 4 Position Surface Mount Slide (Standard) Actuator 25mA 24VDC,,=Manufacturer 1 Part Number
"Conn,Header,2x2Pin,3mm,Thru","Conn,Header,2x2Pin,3mm,Thru",MOLEX_449140401,Judd Foster,https://www.molex.com/pdm_docs/ps/PS-43045.pdf,Molex,0449140401,Digikey,WM14605-ND,"Connector Header Through Hole 4 position 0.118"" (3.00mm)",,=Manufacturer 1 Part Number
"RES,2M2,1%,0.25W,1206","RES,2M2,1%,0.25W,1206",RESC3216X06N,Judd Foster,https://www.vishay.com/docs/20054/rcve3.pdf,Vishay Dale,RCV12062M20FKEA,Digikey,541-3899-1-ND,"2.2 MOhms ±1% 0.25W, 1/4W Chip Resistor 1206 (3216 Metric) High Voltage Thick Film",2M2,=Value
"IGBT,N Ch,600V,30A,SMD","IGBT,N Ch,600V,30A,SMD",INFINEON_PG-TO252-3,Judd Foster,https://www.infineon.com/dgdl/Infineon-IKD15N60R-DS-v02_04-en.pdf?fileId=db3a30433c5c92fb013c5e03026003b2,Infineon Technologies,IKD15N60RATMA1,Digikey,IKD15N60RATMA1CT-ND,IGBT Trench Field Stop 600 V 30 A 250 W Surface Mount PG-TO252-3,,=Manufacturer 1 Part Number
"RES,50m,1%,1W,Pulse,2010","RES,50m,1%,1W,Pulse,2010",RESC_2010,Judd Foster,https://www.vishay.com/docs/30138/wslt2010.pdf,Vishay Dale,WSLT2010R0500FEA18,Digikey,541-10110-1-ND,"50 mOhms ±1% 1W Chip Resistor 2010 (5025 Metric) Anti-Sulfur, Automotive AEC-Q200, Current Sense, Moisture Resistant, Pulse Withstanding Metal Element",50m,=Value
"CAP,Omit,1210","CAP,Omit,1210",CAPC_1210,Judd Foster,N/A,N/A,N/A,N/A,N/A,Omit,Omit,=Value
"RES,18k2,0.5%,0.1W,0402","RES,18k2,0.5%,0.1W,0402",RESC1005X04N,Judd Foster,https://www.seielect.com/catalog/sei-rncf.pdf,Stackpole Electronics Inc,RNCF0402DTE18K2,Digikey,RNCF0402DTE18K2CT-ND,"18.2 kOhms ±0.5% 0.1W, 1/10W Chip Resistor 0402 (1005 Metric) Automotive AEC-Q200 Thin Film",18k2,"18k2,0.5%,0.1W,0402"
"RES,40k2,0.5%,0.1W,0402","RES,40k2,0.5%,0.1W,0402",RESC1005X04N,Judd Foster,https://www.seielect.com/catalog/sei-rncf.pdf,Stackpole Electronics Inc,RNCF0402DTE40K2,Digikey,RNCF0402DTE40K2CT-ND,"40.2 kOhms ±0.5% 0.1W, 1/10W Chip Resistor 0402 (1005 Metric) Automotive AEC-Q200 Thin Film",40k2,"40k2,0.5%,0.1W,0402"
"MOSFET,N Ch,150V,87A","MOSFET,N Ch,150V,87A",INFINEON_PG-TDSON-8,Judd Foster,https://www.infineon.com/dgdl/Infineon-BSC093N15NS5-DS-v02_00-EN.pdf?fileId=5546d462503812bb01507033a3fa1175,Infineon,BSC093N15NS5ATMA1,Digikey,BSC093N15NS5ATMA1CT-ND,N-Channel 150 V 87A (Tc) 139W (Tc) Surface Mount PG-TDSON-8-7,,=Manufacturer 1 Part Number
"RES,732R,1%,0.063W,0402","RES,732R,1%,0.063W,0402",RESC1005X04N,Judd Foster,https://www.seielect.com/catalog/sei-rmcf_rmcp.pdf,Stackpole Electronics Inc,RMCF0402FT732R,Digikey,RMCF0402FT732RCT-ND,"732 Ohms ±1% 0.063W, 1/16W Chip Resistor 0402 (1005 Metric) Automotive AEC-Q200 Thick Film","732R,1%",=Value
"DIODE,TVS,495VWM,SMD","DIODE,TVS,495VWM,SMD",LITTELFUSE_DO-214AB,Judd Foster,https://www.littelfuse.com/~/media/electronics/datasheets/tvs_diodes/littelfuse_tvs_diode_1_5smc_datasheet.pdf.pdf,Littelfuse Inc.,1.5SMC550CA,Digikey,1.5SMC550CACT-ND,760V Clamp 2A Ipp Tvs Diode Surface Mount DO-214AB (SMCJ),,=Manufacturer 1 Part Number
"Trans,2PNP,40V,200mA,SOT363","Trans,2PNP,40V,200mA,SOT363",DIODES_SOT363,Judd Foster,https://www.diodes.com/assets/Datasheets/ds30312.pdf,Diodes Incorporated,DMMT3906W-7-F,Digikey,DMMT3906W-FDICT-ND,Bipolar (BJT) Transistor Array 2 PNP (Dual) Matched Pair 40V 200mA 250MHz 200mW Surface Mount SOT-363,,=Manufacturer 1 Part Number
"RES,8k2,1%,0.1W,0402","RES,8k2,1%,0.1W,0402",RESC1005X04N,Judd Foster,https://industrial.panasonic.com/cdbs/www-data/pdf/RDA0000/AOA0000C304.pdf,Panasonic Electronic Components,ERJ-3EKF8201V,Digikey,P8.20KHCT-ND,"8.2 kOhms ±1% 0.1W, 1/10W Chip Resistor 0603 (1608 Metric) Automotive AEC-Q200 Thick Film",8k2,=Value
"RES,3k9,1%,0.063W,0402","RES,3k9,1%,0.063W,0402",RESC1005X04N,Judd Foster,https://www.yageo.com/upload/media/product/products/datasheet/rchip/PYu-RC_Group_51_RoHS_L_12.pdf,Yageo,RC0402FR-073K9L,Digikey,311-3.90KLRCT-ND,"3.9 kOhms ±1% 0.063W, 1/16W Chip Resistor 0402 (1005 Metric) Moisture Resistant Thick Film",3k9,=Value
"RES,22k,1%,0.063W,0402","RES,22k,1%,0.063W,0402",RESC1005X04N,Judd Foster,https://www.seielect.com/catalog/sei-rmcf_rmcp.pdf,Stackpole Electronics Inc,RMCF0402FT22K0,Digikey,RMCF0402FT22K0CT-ND,"22 kOhms ±1% 0.063W, 1/16W Chip Resistor 0402 (1005 Metric) Automotive AEC-Q200 Thick Film",22k,=Value
"IND,100nH,120mA,Wirewound,0402","IND,100nH,120mA,Wirewound,0402",INDC1005X05N,Judd Foster,https://search.murata.co.jp/Ceramy/image/img/P02/JELF243A-0050.pdf,Murata Electronics,LQW15ANR10J00D,Digikey,490-4090-1-ND,"100 nH Unshielded Drum Core, Wirewound Inductor 120 mA 2.52Ohm Max 0402 (1005 Metric)",100n,=Value
"CAP,Trimmer,6.5p-30p,100V,TH","CAP,Trimmer,6.5p-30p,100V,TH",EW_GKG30015,Judd Foster,https://mm.digikey.com/Volume0/opasdata/d220001/medias/docus/432/GKGxx015_016_Series_DS.pdf,EW Electronics,GKG30015,Digikey,2447-GKG30015-ND,6.5 ~ 30pF Trimmer Capacitor 100 V Top Through Hole,6.5p-30p,=Value
"JFET,25V,MMBF5486,SOT23","JFET,25V,MMBF5486,SOT23",ONSEMI_SOT23,Judd Foster,https://www.onsemi.com/pdf/datasheet/mmbf5486-d.pdf,onsemi,MMBF5486,Digikey,MMBF5486CT-ND,RF Mosfet 15 V 400MHz SOT-23-3,,=Manufacturer 1 Part Number
"IND,22nH,310mA,Wirewound,0402","IND,22nH,310mA,Wirewound,0402",INDC1005X05N,Judd Foster,https://search.murata.co.jp/Ceramy/image/img/P02/JELF243A-0050.pdf,Murata Electronics,LQW15AN22NJ00D,Digikey,490-1150-1-ND,"22 nH Unshielded Drum Core, Wirewound Inductor 310 mA 300mOhm Max 0402 (1005 Metric)",22n,=Value
"IND,1uH,270mA,Wirewound,0402","IND,1uH,270mA,Wirewound,0402",INDC1005X05N,Judd Foster,https://search.murata.co.jp/Ceramy/image/img/P02/JELF243A-0096.pdf,Murata Electronics,LQW15CN1R0M10D,Digikey,490-15627-1-ND,"1 µH Unshielded Drum Core, Wirewound Inductor 270 mA 940mOhm Max 0402 (1005 Metric)",1u,=Value
"VARICAP,Dual,CC,SOT-23","VARICAP,Dual,CC,SOT-23",NXP_SOT23,Judd Foster,https://www.nxp.com/docs/en/data-sheet/BB201.pdf,NXP USA Inc.,"BB201,215",Digikey,568-1952-1-ND,Varactors 1 Pair Common Cathode 15 V Surface Mount SOT-23 (TO-236AB),,=Manufacturer 1 Part Number
"CAP,Cer,150pF,50VDC,C0G,0402","CAP,Cer,150pF,50VDC,C0G,0402",CAPC1005X06N,Judd Foster,https://www.murata.com/-/media/webrenewal/support/library/catalog/products/k35e.ashx?la=en-us&cvid=20200508021757000000,Murata Electronics,GCM1555C1H151JA16J,Digikey,490-GCM1555C1H151JA16JCT-ND,"150 pF ±5% 50V Ceramic Capacitor C0G, NP0 0402 (1005 Metric)",150p,=Value
PIC18F45K22-IP,PIC18F45K22-IP,MICROCHIP_DIP40-600MIL,Judd Foster,https://ww1.microchip.com/downloads/en/DeviceDoc/PIC18(L)F2X-4XK22-Data-Sheet-40001412H.pdf,Microchip Technology,PIC18F45K22-I/P,Digikey,PIC18F45K22-I/P-ND,PIC PIC® XLP™ 18K Microcontroller IC 8-Bit 64MHz 32KB (16K x 16) FLASH 40-PDIP,,=Manufacturer 1 Part Number
"DISP,7SEG,RED,CA,SA39-11EWA","DISP,7SEG,RED,CA,SA39-11EWA",KINGBRIGHT_SA39-11EWA,Judd Foster,https://www.kingbrightusa.com/images/catalog/SPEC/SA39-11EWA.pdf,Kingbright,SA39-11EWA,Digikey,754-1689-5-ND,"Display Modules - LED Character and Numeric Red 7-Segment 1 Character Common Anode 2V 20mA 0.512"" H x 0.394"" W x 0.276"" D (13.00mm x 10.00mm x 7.00mm) 10-DIP (0.300"", 7.62mm)",,=Manufacturer 1 Part Number
"PS,AC-DC,12Vout,3W,LS03-13B12R3","PS,AC-DC,12Vout,3W,LS03-13B12R3",MORNSUN_LS03-13B12R3,Judd Foster,https://www.mornsun-power.com/html/pdf/LS03-13B24R3.html,Mornsun,LS03-13B12R3,LCSC,C784058,"SIP,26.4x11mm Power Modules ROHS",,=Manufacturer 1 Part Number
"IND,4.7uH,1.5A,Wirewound,Thru","IND,4.7uH,1.5A,Wirewound,Thru",XR_XR46-4R7M-L,Judd Foster,https://www.lcsc.com/datasheet/lcsc_datasheet_2305041501_XR-XR4-6-4R7M-L_C5875511.pdf,XR,XR4*6-4R7M-L,LCSC,C5875511,"4.7uH I-shaped inductor ±20% 1.5A Plugin,D4xL6mm Color Ring Inductors/Through Hole Inductors ROHS",4.7u,=Value
"CAP,Cer,1nF,400VAC,Y5V,X1,Y1,Radial","CAP,Cer,1nF,400VAC,Y5V,X1,Y1,Radial",KEMET_C901U102MUVDBA7317,Judd Foster,https://content.kemet.com/datasheets/KEM_C1067_X1_400_VAC_Y1_250_VAC.pdf,KEMET,C901U102MUVDBA7317,Digikey,399-9462-1-ND,"1000 pF ±20% 400VAC Ceramic Capacitor Y5V (F) Radial, Disc",1n,=Value
"CAP,Alum,10uF,450V,Radial,Thru","CAP,Alum,10uF,450V,Radial,Thru",CHEMI-CON_EKMG451ELL100MK20S,Judd Foster,https://www.chemi-con.co.jp/products/relatedfiles/capacitor/catalog/KMGLL-e.PDF,Chemi-Con,EKMG451ELL100MK20S,Digikey,565-1421-ND,"10 µF 450 V Aluminum Electrolytic Capacitors Radial, Can 2000 Hrs @ 105°C",10u,=Value
"CAP,Film,100nF,310V,X2,Radial","CAP,Film,100nF,310V,X2,Radial",WURTH_890334023023,Judd Foster,https://www.we-online.com/components/products/datasheet/890334023023.pdf,Würth Elektronik,890334023023,Digikey,732-5833-ND,"0.1 µF Film Capacitor 310V Polypropylene (PP), Metallized Radial",100n,=Value
"IND,1.2mH,300mA,Radial,Thru","IND,1.2mH,300mA,Radial,Thru",BOURNS_RLB0913-122K,Judd Foster,https://www.bourns.com/docs/Product-Datasheets/rlb0913.pdf,Bourns Inc.,RLB0913-122K,Digikey,RLB0913-122K-ND,"1.2 mH Unshielded Drum Core, Wirewound Inductor 300 mA 4Ohm Radial, Vertical Cylinder",1.2m,=Value
"Fuse,Cartridge,250VAC,1A,5x20mm","Fuse,Cartridge,250VAC,1A,5x20mm",BELFUSE_0659C1000-12,Judd Foster,https://belfuse.com/resources/datasheets/circuitprotection/ds-cp-0659c-0659p-series.pdf,Bel Fuse Inc.,0659C1000-12,Digikey,507-2002-ND,"1 A 250 V AC DC Fuse Cartridge, Ceramic Holder 5mm x 20mm",1 A Slow,=Value
"Holder,Fuse,Cartridge,10A,Thru","Holder,Fuse,Cartridge,10A,Thru",BELFUSE_FC-203-22,Judd Foster,https://belfuse.com/resources/datasheets/circuitprotection/ds-cp-0672-fuse-clips-series.pdf,Bel Fuse Inc.,FC-203-22,Digikey,507-1703-ND,Fuse Clip - Circuit Cartridge Through Hole,,=Manufacturer 1 Part Number
"RES,12R,5%,3W,Axial,Thru","RES,12R,5%,3W,Axial,Thru",YAGEO_PNP300,Judd Foster,https://www.digikey.ca/en/htmldatasheets/production/640498/0/0/1/pnp-series.html?site=CA&lang=en&cur=CAD,Yageo,PNP300JR-73-12R,Digikey,12AECT-ND,"12 Ohms ±5% 3W Through Hole Resistor Axial Flame Retardant Coating, Safety Wirewound",12R,=Value
"Varistor,350VAC,Thru","Varistor,350VAC,Thru",EPCOS_B72214SXXXXK101,Judd Foster,https://www.tdk-electronics.tdk.com/inf/70/db/var/SIOV_Leaded_StandarD.pdf?ref_disty=digikey,EPCOS - TDK Electronics,B72214S0351K101,Digikey,495-6464-ND,Varistor Circuit Through Hole Disc 14mm,,=Manufacturer 1 Part Number
"Term,Block,3 Pin,3.81mm,Thru","Term,Block,3 Pin,3.81mm,Thru",PHOENIX_1803280,Judd Foster,https://www.phoenixcontact.com/us/products/1803280/pdf,Phoenix Contact,1803280,Digikey,277-1207-ND,"3 Position Terminal Block Header, Male Pins, Shrouded (4 Side) 0.150"" (3.81mm) 90°, Right Angle Through Hole",,=Manufacturer 1 Part Number
"CAP,Cer,100nF,50VDC,X7R,Radial","CAP,Cer,100nF,50VDC,X7R,Radial",KEMET_C320C,Judd Foster,https://connect.kemet.com:7667/gateway/IntelliData-ComponentDocumentation/1.0/download/datasheet/C322C102K1R5TA.pdf,KEMET,C320C104K5R5TA,Digikey,399-4264-ND,0.1 µF ±10% 50V Ceramic Capacitor X7R Radial,100n,=Value
LM317LZ,LM317LZ,STMICRO_LM317LZ,Judd Foster,https://www.st.com/content/ccc/resource/technical/document/datasheet/ee/4d/b2/bd/25/fe/44/2c/CD00000469.pdf/files/CD00000469.pdf/jcr:content/translations/en.CD00000469.pdf,STMicroelectronics,LM317LZ,Digikey,497-1573-5-ND,Linear Voltage Regulator IC Positive Adjustable 1 Output 100mA TO-92-3,,=Manufacturer 1 Part Number
LM337LZ,LM337LZ,TI_LM337LZ,Judd Foster,https://www.ti.com/lit/ds/symlink/lm337l.pdf?HQS=dis-dk-null-digikeymode-dsf-pf-null-wwe&ts=1715377278191&ref_url=https%253A%252F%252Fwww.ti.com%252Fgeneral%252Fdocs%252Fsuppproductinfo.tsp%253FdistId%253D10%2526gotoUrl%253Dhttps%253A%252F%252Fwww.ti.com%252Flit%252Fgpn%252Flm337l,Texas Instruments,LM337LZ/LFT3,Digikey,296-LM337LZ/LFT3CT-ND,Linear Voltage Regulator IC Negative Adjustable 1 Output 100mA TO-92-3,,=Manufacturer 1 Part Number
"CAP,Alum,10uF,16V,Radial,Thru","CAP,Alum,10uF,16V,Radial,Thru",KEMET_ESKXXXXXXXXC3XX,Judd Foster,https://connect.kemet.com:7667/gateway/IntelliData-ComponentDocumentation/1.0/download/datasheet/ESK106M016AC3AA,KEMET,ESK106M016AC3AA,Digikey,399-6597-ND,"10 µF 16 V Aluminum Electrolytic Capacitors Radial, Can 2000 Hrs @ 85°C",10u,=Value
"RES,220R,5%,0.25W,Axial,Thru","RES,220R,5%,0.25W,Axial,Thru",SEI_CFM14,Judd Foster,https://www.seielect.com/catalog/sei-cf_cfm.pdf,Stackpole Electronics Inc,CFM14JT220R,Digikey,S220QCT-ND,"220 Ohms ±5% 0.25W, 1/4W Through Hole Resistor Axial Flame Retardant Coating, Safety Carbon Film",220R,=Value
"RES,1k5,5%,0.25W,Axial,Thru","RES,1k5,5%,0.25W,Axial,Thru",SEI_CFM14,Judd Foster,https://www.seielect.com/catalog/sei-cf_cfm.pdf,Stackpole Electronics Inc,CFM14JT1K50,Digikey,S1.5KQCT-ND,"1.5 kOhms ±5% 0.25W, 1/4W Through Hole Resistor Axial Flame Retardant Coating, Safety Carbon Film",1k5,=Value
"RES,680R,5%,0.25W,Axial,Thru","RES,680R,5%,0.25W,Axial,Thru",SEI_CFM14,Judd Foster,https://www.seielect.com/catalog/sei-cf_cfm.pdf,Stackpole Electronics Inc,CFM14JT680R,Digikey,S680QCT-ND,"680 Ohms ±5% 0.25W, 1/4W Through Hole Resistor Axial Flame Retardant Coating, Safety Carbon Film",680R,=Value
"RES,10k,5%,0.25W,Axial,Thru","RES,10k,5%,0.25W,Axial,Thru",SEI_CFM14,Judd Foster,https://www.seielect.com/catalog/sei-cf_cfm.pdf,Stackpole Electronics Inc,CFM14JT10K0,Digikey,S10KQCT-ND,"10 kOhms ±5% 0.25W, 1/4W Through Hole Resistor Axial Flame Retardant Coating, Safety Carbon Film",10k,=Value
"Term,Header,5x2 Pin,2.54mm,Thru","Term,Header,5x2 Pin,2.54mm,Thru",ONSHORE_302-S101,Judd Foster,https://mm.digikey.com/Volume0/opasdata/d220001/medias/docus/6025/302-S.pdf,On Shore Technology Inc.,302-S101,Digikey,ED1543-ND,"Connector Header Through Hole 10 position 0.100"" (2.54mm)",,=Manufacturer 1 Part Number
"RES,100R,5%,0.25W,Axial,Thru","RES,100R,5%,0.25W,Axial,Thru",SEI_CFM14,Judd Foster,https://www.seielect.com/catalog/sei-cf_cfm.pdf,Stackpole Electronics Inc,CFM14JT100R,Digikey,S100QCT-ND,"100 Ohms ±5% 0.25W, 1/4W Through Hole Resistor Axial Flame Retardant Coating, Safety Carbon Film",100R,=Value
LM324N,LM324N,TI_J0014A,Judd Foster,https://www.ti.com/lit/ds/symlink/lm224.pdf?HQS=dis-dk-null-digikeymode-dsf-pf-null-wwe&ts=1715317448370,Texas Instruments,LM324N,Digikey,296-1391-5-ND,General Purpose Amplifier 4 Circuit 14-PDIP,,=Manufacturer 1 Part Number
"RES,1k,5%,0.25W,Axial,Thru","RES,1k,5%,0.25W,Axial,Thru",SEI_CFM14,Judd Foster,https://www.seielect.com/catalog/sei-cf_cfm.pdf,Stackpole Electronics Inc,CFM14JT1K00,Digikey,S1KQCT-ND,"1 kOhms ±5% 0.25W, 1/4W Through Hole Resistor Axial Flame Retardant Coating, Safety Carbon Film",1k,=Value
"RES,100k,5%,0.25W,Axial,Thru","RES,100k,5%,0.25W,Axial,Thru",SEI_CFM14,Judd Foster,https://www.seielect.com/catalog/sei-cf_cfm.pdf,Stackpole Electronics Inc,CFM14JT100K,Digikey,S100KQCT-ND,"100 kOhms ±5% 0.25W, 1/4W Through Hole Resistor Axial Flame Retardant Coating, Safety Carbon Film",100k,=Value
"CAP,Cer,1nF,50VDC,X7R,Radial","CAP,Cer,1nF,50VDC,X7R,Radial",KEMET_C320C,Judd Foster,https://content.kemet.com/datasheets/KEM_C1050_GOLDMAX_X7R.pdf,KEMET,C320C102K5R5TA,Digikey,399-9769-ND,1000 pF ±10% 50V Ceramic Capacitor X7R Radial,1n,=Value
"CAP,Cer,47pF,50VDC,C0G,Radial","CAP,Cer,47pF,50VDC,C0G,Radial",KEMET_C320C,Judd Foster,https://connect.kemet.com:7667/gateway/IntelliData-ComponentDocumentation/1.0/download/datasheet/C320C470K5G5TA,KEMET,C320C470K5G5TA,Digikey,399-C320C470K5G5TA-ND,"47 pF ±10% 50V Ceramic Capacitor C0G, NP0 Radial",47p,=Value
"DIODE,Gen,100V,200mA,Axial,Thru","DIODE,Gen,100V,200mA,Axial,Thru",ONSEMI_DO-35,Judd Foster,https://www.onsemi.com/download/data-sheet/pdf/1n914-d.pdf,ON Semiconductor,1N4148,Digikey,1N4148FS-ND,Diode 100 V 200mA Through Hole DO-35,,=Manufacturer 1 Part Number
"Conn,Pwr Ent,Rcpt,IEC320,Fem,PCB Mnt","Conn,Pwr Ent,Rcpt,IEC320,Fem,PCB Mnt",SCHURTER_4787.2000,Judd Foster,https://www.schurter.com/en/datasheet/typ_4787.pdf,Schurter Inc.,4787.2000,Digikey,486-2159-ND,"Power Entry Connector Receptacle, Female Sockets IEC 320-2-2/F Panel Mount, Flange",,=Manufacturer 1 Part Number
"Conn,Jack,TRS,6.35mm,Thru","Conn,Jack,TRS,6.35mm,Thru",SCHURTER_4833.2330,Judd Foster,http://www.amphenol-sine.com/pdf/datasheet/ACJS-MHOM.pdf,Schurter Inc.,4833.2330,Digikey,486-6555-ND,"6.35mm (0.250"", 1/4"") - Headphone Phone Jack Stereo (3 Conductor, TRS) Connector Solder",,=Manufacturer 1 Part Number
"DISP,Bar Graph,LED,10SEG,Thru","DISP,Bar Graph,LED,10SEG,Thru",LITEON_LTA-1000Y,Judd Foster,https://mm.digikey.com/Volume0/opasdata/d220001/medias/docus/900/LTA-1000Y.pdf,Lite-On Inc.,LTA-1000Y,Digikey,160-1068-ND,"LED Circuit Board Indicator LED Circuit Board Indicator Bar - 10 Wide, DIP Yellow (x 10) Tinted 2.1V 20mA Rectangle with Flat Top 5.08mm x 1.78mm Through Hole",,=Manufacturer 1 Part Number
"CAP,Alum,47uF,35VDC,Radial,Thru","CAP,Alum,47uF,35VDC,Radial,Thru",KEMET_ESKXXXXXXXXC3XX,Judd Foster,https://connect.kemet.com:7667/gateway/IntelliData-ComponentDocumentation/1.0/download/datasheet/ESK476M035AC3EA,KEMET,ESK476M035AC3EA,Digikey,399-18276-1-ND,"47 µF 35 V Aluminum Electrolytic Capacitors Radial, Can 2000 Hrs @ 85°C",47u,=Value
"PS,DC-DC,12Vout,1W,PDSE1-S5-S12-S","PS,DC-DC,12Vout,1W,PDSE1-S5-S12-S",CUI_PDSE1-S,Judd Foster,https://www.cui.com/product/resource/pdse1-s.pdf,CUI Inc.,PDSE1-S5-S12-S,Digikey,102-6293-ND,Isolated Module DC DC Converter 1 Output 12V 84mA 4.5V - 5.5V Input,,=Manufacturer 1 Part Number
"PS,AC-DC,5Vout,5W,PBO-5C-5","PS,AC-DC,5Vout,5W,PBO-5C-5",CUI_PBO-5C,Judd Foster,https://www.cui.com/product/resource/pbo-5c.pdf,CUI Inc.,PBO-5C-5,Digikey,102-PBO-5C-5-ND,"Open Frame AC DC Converters 1 Output 5V 1A 85 ~ 305 VAC, 70 ~ 430 VDC Input",,=Manufacturer 1 Part Number
"CAP,Cer,4.7nF,50VDC,X7R,Radial","CAP,Cer,4.7nF,50VDC,X7R,Radial",KEMET_C320C,Judd Foster,https://www.mouser.com/datasheet/2/447/KEM_C1050_GOLDMAX_X7R-3316381.pdf,KEMET,C320C472K5R5TA,Mouser,80-C320C472K5R,Multilayer Ceramic Capacitors MLCC - Leaded 50V 4700pF X7R 10% LS=2.54mm,4.7n,=Value
"CAP,Cer,10nF,50VDC,X7R,Radial","CAP,Cer,10nF,50VDC,X7R,Radial",KEMET_C320C,Judd Foster,https://www.mouser.ca/datasheet/2/447/KEM_C1050_GOLDMAX_X7R-3316381.pdf,KEMET,C320C103K5R5TA,Mouser,80-C320C103K5R,Multilayer Ceramic Capacitors MLCC - Leaded 50V 0.01uF X7R 10% LS=2.54mm,10n,=Value
"RES,330R,5%,0.25W,Axial,Thru","RES,330R,5%,0.25W,Axial,Thru",SEI_CFM14,Judd Foster,https://www.seielect.com/catalog/sei-cf_cfm.pdf,Stackpole Electronics Inc,CFM14JT330R,Digikey,S330QCT-ND,"330 Ohms ±5% 0.25W, 1/4W Through Hole Resistor Axial Flame Retardant Coating, Safety Carbon Film",330R,=Value
ULN2803AN,ULN2803AN,XBLW_DIP18,Judd Foster,https://www.lcsc.com/datasheet/lcsc_datasheet_2310191805_XBLW-ULN2803AN-XBLW_C18723560.pdf,XBLW,ULN2803AN(XBLW),LCSC,C18723560,50V 500mA DIP-18 Darlington Transistor Arrays ROHS,,=Manufacturer 1 Part Number
SN74HC244N,SN74HC244N,XBLW_DIP20,Judd Foster,https://www.lcsc.com/datasheet/lcsc_datasheet_2403160835_XBLW-SN74HC244N-XBLW_C18723516.pdf,XBLW,SN74HC244N(XBLW),LCSC,C18723516,4mA 2V~6V -20uA DIP-20 Buffer/Driver/Transceiver ROHS,,=Manufacturer 1 Part Number
SN74HC574N,SN74HC574N,TI_R-PDIP-T20,Judd Foster,https://www.ti.com/lit/ds/symlink/sn74hc574.pdf,Texas Instruments,SN74HC574N,Digikey,296-1598-5-ND,"Flip Flop 1 Element D-Type 8 Bit Positive Edge 20-DIP (0.300"", 7.62mm)",,=Manufacturer 1 Part Number
"Conn,JST,2Pin,2.5mm,Thru","Conn,JST,2Pin,2.5mm,Thru",JST_B2B-XH-A,Judd Foster,https://www.lcsc.com/datasheet/lcsc_datasheet_2304140030_JST-B2B-XH-A-LF-SN_C158012.pdf,JST,B2B-XH-A(LF)(SN),LCSC,C158012,"1x2P 2P XH Tin 2 -25℃~+85℃ 3A 1 2.5mm Brass Straight Plugin,P=2.5mm Wire To Board Connector ROHS",,=Manufacturer 1 Part Number
"Conn,Jack,Combo,XLR,6.35mm,Female,Thru","Conn,Jack,Combo,XLR,6.35mm,Female,Thru",AMPHENOL_ACJC10AH,Judd Foster,https://www.amphenolaudio.com/wp-content/uploads/2015/07/SD_AC-Dual-CableMount.pdf,Amphenol Sine Systems Corp,ACJC10AH BULK,Digikey,889-ACJC10AHBULK-ND,"6.35mm (0.250"", 1/4"") - Headphone Phone Jack, Dual Stereo (3 Conductor, TRS) Connector Kinked Pin, Solder",,=Manufacturer 1 Part Number
"TRIAC,800V,12A,TO-220","TRIAC,800V,12A,TO-220",STMICRO_TO-220AB_HV,Judd Foster,https://www.st.com/content/ccc/resource/technical/document/datasheet/group3/3e/e6/2c/20/86/82/44/0e/DM00082940/files/DM00082940.pdf/jcr:content/translations/en.DM00082940.pdf,STMicroelectronics,T1235T-8T,Digikey,497-13995-5-ND,TRIAC Alternistor - Snubberless 800 V 12 A Through Hole TO-220,,=Manufacturer 1 Part Number
"OPTO,Triac Output,5kV,Thru","OPTO,Triac Output,5kV,Thru",LITEON_MOC306X,Judd Foster,https://optoelectronics.liteon.com/upload/download/DS70-2001-026/MOC306X%20series%20201606.pdf,Lite-On Inc.,MOC3063,Digikey,160-1722-5-ND,Optoisolator Triac Output 5000Vrms 1 Channel 6-DIP,,=Manufacturer 1 Part Number
"CHOKE,CM,2LN,1mH,10A,Thru","CHOKE,CM,2LN,1mH,10A,Thru",WURTH_744824101,Judd Foster,https://www.we-online.com/components/products/datasheet/744824101.pdf,Würth Elektronik,744824101,Digikey,732-1449-ND,1 mH @ 10 kHz 2 Line Common Mode Choke Through Hole 10A DCR 7mOhm,,=Manufacturer 1 Part Number
"RES,Thermistor,NTC,10R,9A","RES,Thermistor,NTC,10R,9A",AMETHERM_SL22 10009,Judd Foster,https://www.ametherm.com/datasheetspdf/SL2210009.pdf,Ametherm,SL22 10009,Digikey,570-1035-ND,"Inrush Current Limiter 10 Ohms ±20% 9 A 0.866"" (22.00mm)",,=Manufacturer 1 Part Number
"RES,1k2,5%,1W,Pulse Withstand,Axial,Thru","RES,1k2,5%,1W,Pulse Withstand,Axial,Thru",TE_ROX1S,Judd Foster,https://www.te.com/commerce/DocumentDelivery/DDEController?Action=srchrtrv&DocNm=1773271&DocType=DS&DocLang=English,TE Connectivity Passive Product,ROX1SJ1K2,Digikey,A105923CT-ND,"1.2 kOhms ±5% 1W Through Hole Resistor Axial Flame Proof, Pulse Withstanding, Safety Metal Oxide Film",1k2,=Value
"HEATSINK,TO-220,CUI_HSE-B20254-040H","HEATSINK,TO-220,CUI_HSE-B20254-040H",CUI_HSE-B20254-040H,Judd Foster,https://www.cuidevices.com/product/resource/hse-bx-040h.pdf,CUI Devices,HSE-B20254-040H,Digikey,102-4240-ND,"Heat Sink TO-220 Aluminum Alloy 5.7W @ 75°C Board Level, Vertical",,=Manufacturer 1 Part Number
"Term,Header,1x8 Pin,2.54mm,Right,Thru","Term,Header,1x8 Pin,2.54mm,Right,Thru",ADAMTECH_PH1RB-08-UA,Judd Foster,https://app.adam-tech.com/products/download/data_sheet/201281/ph1rb-xx-ua-data-sheet.pdf,Adam Tech,PH1RB-08-UA,Digikey,2057-PH1RB-08-UA-ND,"Connector Header Through Hole, Right Angle 8 position 0.100"" (2.54mm)",,=Manufacturer 1 Part Number
"Conn,Pwr Ent,Rcpt,IEC320,Male,PCB Mnt,Right","Conn,Pwr Ent,Rcpt,IEC320,Male,PCB Mnt,Right",QUALTEK_703W-00_54,Judd Foster,https://www.qualtekusa.com/images/AC_Receptacles/pdfs/703w0054.pdf,Qualtek,703W-00/54,Digikey,Q220-ND,"Power Entry Connector Receptacle, Male Blades IEC 320-C14 Panel Mount, Flange; Through Hole, Right Angle",,=Manufacturer 1 Part Number
"RELAY,SPST,16A,12V","RELAY,SPST,16A,12V",PANASONIC_ALEXPXXX,Judd Foster,https://api.pim.na.industrial.panasonic.com/file_stream/main/fileversion/43630,Panasonic,ALE1PB12,,,,,=Manufacturer 1 Part Number
"RES,100k,1%,0.063W,0402","RES,100k,1%,0.063W,0402",RESC1005X04N,Judd Foster,https://www.yageo.com/upload/media/product/products/datasheet/rchip/PYu-RC_Group_51_RoHS_L_12.pdf,YAGEO,RC0402FR-07100KL,Digikey,311-100KLRCT-ND,"100 kOhms ±1% 0.063W, 1/16W Chip Resistor 0402 (1005 Metric) Moisture Resistant Thick Film",100k,=Value
"RES,220k,1%,0.063W,0402","RES,220k,1%,0.063W,0402",RESC1005X04N,Judd Foster,https://www.yageo.com/upload/media/product/products/datasheet/rchip/PYu-RC_Group_51_RoHS_L_12.pdf,YAGEO,RC0402FR-07220KL,Digikey,311-220KLRCT-ND,"220 kOhms ±1% 0.063W, 1/16W Chip Resistor 0402 (1005 Metric) Moisture Resistant Thick Film",220k,=Value
IS2083BM-232,IS2083BM-232,MICROCHIP_PKG_3MX(C04-00463A),Judd Foster,https://ww1.microchip.com/downloads/en/DeviceDoc/IS2083-Bluetooth-Stereo-Audio-SoC-Data-Sheet-DS70005403D.pdf,Microchip Technology,IS2083BM-232,Digikey,150-IS2083BM-232CT-ND,Bluetooth Bluetooth v5.0 Transceiver Module 2.4GHz Antenna Not Included Surface Mount,,=Manufacturer 1 Part Number
"XTAL,16MHz,10ppm,9pF,SMD","XTAL,16MHz,10ppm,9pF,SMD",EPSON_TSX-3225,Judd Foster,https://support.epson.biz/td/api/doc_check.php?dl=brief_TSX-3225&lang=en,EPSON,TSX-3225 16.0000MF09Z-AC0,Digikey,SER4069CT-ND,"16 MHz ±10ppm Crystal 9pF 60 Ohms 4-SMD, No Lead",16MHz,"16MHz,10ppm,9pF"
"CAP,Cer,3pF,50VDC,C0G,0402","CAP,Cer,3pF,50VDC,C0G,0402",CAPC1005X06N,Judd Foster,https://product.tdk.com/system/files/dam/doc/product/capacitor/ceramic/mlcc/catalog/mlcc_commercial_general_en.pdf,TDK Corporation,C1005C0G1H030B050BA,Digikey,445-4869-1-ND,"3 pF ±0.1pF 50V Ceramic Capacitor C0G, NP0 0402 (1005 Metric)",3pF,"3pF,50V,C0G,0402"
"CAP,Cer,4.7pF,50VDC,C0G,0402","CAP,Cer,4.7pF,50VDC,C0G,0402",CAPC1005X06N,Judd Foster,https://search.murata.co.jp/Ceramy/image/img/A01X/G101/ENG/GRM1555C1H4R7BA01-01.pdf,Murata Electronics,GRM1555C1H4R7BA01D,Digikey,490-6244-1-ND,"4.7 pF ±0.1pF 50V Ceramic Capacitor C0G, NP0 0402 (1005 Metric)",4.7pF,"4.7pF,50V,C0G,0402"
"CAP,Cer,2pF,50VDC,C0G,0402","CAP,Cer,2pF,50VDC,C0G,0402",CAPC1005X06N,Judd Foster,https://www.yageo.com/upload/media/product/productsearch/datasheet/mlcc/UPY-GP_NP0_16V-to-50V_18.pdf,YAGEO,CC0402BRNPO9BN2R0,Digikey,311-1617-1-ND,"2 pF ±0.1pF 50V Ceramic Capacitor C0G, NP0 0402 (1005 Metric)",2pF,"2pF,50V,C0G,0402"
"IND,2.7nH,850mA,Wirewound,0402","IND,2.7nH,850mA,Wirewound,0402",INDC1005X05N,Judd Foster,https://search.murata.co.jp/Ceramy/image/img/P02/JELF243A-0050.pdf,Murata,LQW15AN2N7D00D,Digikey,490-1137-1-ND,"2.7 nH Unshielded Drum Core, Wirewound Inductor 850 mA 50mOhm Max 0402 (1005 Metric)",2.7nH,"2.7nH,850mA,Wirewound,0402"
"CAP,Cer,1.3pF,50VDC,C0G,0402","CAP,Cer,1.3pF,50VDC,C0G,0402",CAPC1005X06N,Judd Foster,https://search.murata.co.jp/Ceramy/image/img/A01X/G101/ENG/GJM1555C1H1R3BB01-01.pdf,Murata Electronics,GJM1555C1H1R3BB01D,Digikey,490-8086-1-ND,"1.3 pF ±0.1pF 50V Ceramic Capacitor C0G, NP0 0402 (1005 Metric)",1.3pF,"1.3pF,50V,C0G,0402"
"IND,3.6nH,900mA,Wirewound,0402","IND,3.6nH,900mA,Wirewound,0402",INDC1005X05N,Judd Foster,https://search.murata.co.jp/Ceramy/image/img/P02/JELF243A-0051.pdf,Murata Electronics,LQW15AN3N6C10D,Digikey,490-6811-1-ND,"3.6 nH Unshielded Drum Core, Wirewound Inductor 900 mA 40mOhm Max 0402 (1005 Metric)",3.6nH,"3.6nH,900mA,Wirewound,0402"
"IND,10uH,680mA,Wirewound,1007","IND,10uH,680mA,Wirewound,1007",TAIYO-YUDEN_LSQPA251818T100M,Judd Foster,https://mm.digikey.com/Volume0/opasdata/d220001/medias/docus/6025/LSQPA251818T100M_SS.pdf,Taiyo Yuden,LSQPA251818T100M,Digikey,587-LSQPA251818T100MCT-ND,10 µH Unshielded Wirewound Inductor 680 mA 468mOhm Max 1007 (2518 Metric),10uH,"10uH,680mA,Wirewound,1007"
"ANT,2.45GHz,Meander,ST_AN5129","ANT,2.45GHz,Meander,ST_AN5129",ST_AN5129,Judd Foster,https://www.st.com/resource/en/application_note/an5129-guidelines-for-meander-design-using-lowcost-pcb-antennae-with-24-ghz-radio-for-stm32wbwb0-mcus-stmicroelectronics.pdf,N/A,N/A,N/A,N/A,"PCB Antenna, Meander, 2.45 GHz",,2.45GHz
"Conn,Jack,4Cond,3.5mm,Female,Thru","Conn,Jack,4Cond,3.5mm,Female,Thru",TENSILITY_54-00176,Judd Foster,https://tensility.s3.us-west-2.amazonaws.com/uploads/pdffiles/54-00176.pdf,Tensility International Corp,54-00176,Digikey,839-54-00176CT-ND,"3.50mm (0.141"", 1/8"", Mini Plug) - Headphone Phone Jack Stereo (4 Conductor, TRRS) Connector Solder",,=Manufacturer 1 Part Number
AD8129ARZ,AD8129ARZ,ANALOGDEVICES_PKG_R-8,Judd Foster,https://www.analog.com/media/en/technical-documentation/data-sheets/AD8129_8130.pdf,Analog Devices Inc.,AD8129ARZ,DigiKey,505-AD8129ARZ-ND,Differential Amplifier 1 Circuit 8-SOIC,,=Manufacturer 1 Part Number
OPA659IDBVT,OPA659IDBVT,TEXASINSTRUMENTS_PKG_DBV0005A,Judd Foster,https://www.ti.com/lit/ds/symlink/opa659.pdf?HQS=dis-dk-null-digikeymode-dsf-pf-null-wwe&ts=1730770701398&ref_url=https%253A%252F%252Fwww.ti.com%252Fgeneral%252Fdocs%252Fsuppproductinfo.tsp%253FdistId%253D10%2526gotoUrl%253Dhttps%253A%252F%252Fwww.ti.com%252Flit%252Fgpn%252Fopa659,Texas Instruments,OPA659IDBVT,DigiKey,296-24971-1-ND,J-FET Amplifier 1 Circuit SOT-23-5,,=Manufacturer 1 Part Number
"XMITTER,FIBER OPTIC,650NM,1.9V,IF-E99B","XMITTER,FIBER OPTIC,650NM,1.9V,IF-E99B",INDUSTRIALFIBEROPTICS_IF-E99B,Judd Foster,https://i-fiberoptics.com/pdf/if-e99bdatasheet.pdf,Industrial Fiber Optics,IF-E99B,DigiKey,FB161-ND,Fiber Optic Transmitter 650nm 1.9V 50 mA Connector-less,,=Manufacturer 1 Part Number
"RES,49R9,1%,0.063W,0402","RES,49R9,1%,0.063W,0402",RESC1005X04N,Judd Foster,https://www.yageo.com/upload/media/product/products/datasheet/rchip/PYu-RC_Group_51_RoHS_L_12.pdf,YAGEO,RC0402FR-0749R9L,DigiKey,311-49.9LRCT-ND,"49.9 Ohms ±1% 0.063W, 1/16W Chip Resistor 0402 (1005 Metric) Moisture Resistant Thick Film",49R9,"49R9,1%,0.063W,0402"
LM7332MMX_NOPB,LM7332MMX_NOPB,TEXASINSTRUMENTS_PKG_DGK0008A,Judd Foster,https://www.ti.com/lit/ds/symlink/lm7332.pdf?HQS=dis-dk-null-digikeymode-dsf-pf-null-wwe&ts=1730932081789&ref_url=https%253A%252F%252Fwww.ti.com%252Fgeneral%252Fdocs%252Fsuppproductinfo.tsp%253FdistId%253D10%2526gotoUrl%253Dhttps%253A%252F%252Fwww.ti.com%252Flit%252Fgpn%252Flm7332,Texas Instruments,LM7332MMX/NOPB,DigiKey,296-LM7332MMX/NOPBCT-ND,General Purpose Amplifier 2 Circuit Rail-to-Rail 8-VSSOP,,=Manufacturer 1 Part Number
"RECEIVER,FIBER OPTIC,450-1050NM,IF-D91B","RECEIVER,FIBER OPTIC,450-1050NM,IF-D91B",INDUSTRIALFIBEROPTICS_IF-D91B,Judd Foster,https://i-fiberoptics.com/pdf/ifd91b-1809.pdf,Industrial Fiber Optics,IF D91B,DigiKey,FB200-ND,Fiber Optic Receiver General Purpose 100Mbps,,=Manufacturer 1 Part Number
"XFR,Flyback,COILCRAFT_GA3460-BL","XFR,Flyback,COILCRAFT_GA3460-BL",COILCRAFT_GA3460-BL,Judd Foster,https://www.mouser.ca/datasheet/2/597/ga3459-463457.pdf,Coilcraft,GA3460-BL,Mouser,994-GA3460-BL,Audio Transformers / Signal Transformers GA3460 for LT3751 500V 50A,,=Manufacturer 1 Part Number
"IND,1uH,1.2A,150mOhm,Multilayer,1206","IND,1uH,1.2A,150mOhm,Multilayer,1206",MURATA_LQM31,Judd Foster,https://search.murata.co.jp/Ceramy/image/img/P02/JELF243B-0013.pdf,Murata Electronics,LQM31PN1R0M00L,Digikey,490-4039-1-ND,1 µH Shielded Multilayer Inductor 1.2 A 150mOhm Max 1206 (3216 Metric),1u,"1uH,1.2A,150mOhm,Multilayer,1206"
"RES,787R,0.1%,0.063W,0402","RES,787R,0.1%,0.063W,0402",RESC1005X04N,Judd Foster,https://www.yageo.com/upload/media/product/app/datasheet/rchip/pyu-rt_1-to-0.01_rohs_l.pdf,YAGEO,RT0402BRD07787RL,DigiKey,YAG4310CT-ND,"787 Ohms ±0.1% 0.063W, 1/16W Chip Resistor 0402 (1005 Metric) Thin Film",787R,"787R,0.1%,0.063W,0402"
"MOSFET,N Ch,200V,50A,IRFP260MPBF","MOSFET,N Ch,200V,50A,IRFP260MPBF",INFINEON_PKG_TO247AD,Judd Foster,https://www.infineon.com/dgdl/irfp260mpbf.pdf?fileId=5546d462533600a40153562894e91fe0,Infineon Technologies,IRFP260MPBF,DigiKey,IRFP260MPBF-ND,N-Channel 200 V 50A (Tc) 300W (Tc) Through Hole TO-247AC,,=Manufacturer 1 Part Number
"RES,0R005,1%,2W,2512","RES,0R005,1%,2W,2512",OHMITE_PKG_MCS3264,Judd Foster,https://www.ohmite.com/assets/images/res-mcs.pdf,Ohmite,MCS3264R005FER,DigiKey,MCS3264R005FERCT-ND,"5 mOhms ±1% 2W Chip Resistor 2512 (6432 Metric) Current Sense, Flame Retardant Coating, Safety Metal Element",5m,"0R005,1%,2W,2512"
"RES,1k,0.1%,0.063W,0402","RES,1k,0.1%,0.063W,0402",RESC1005X04N,Judd Foster,https://www.yageo.com/upload/media/product/app/datasheet/rchip/pyu-rt_1-to-0.01_rohs_l.pdf,YAGEO,RT0402BRE071KL,DigiKey,YAG2306CT-ND,"1 kOhms ±0.1% 0.063W, 1/16W Chip Resistor 0402 (1005 Metric) Thin Film",1k,"1k,0.1%,0.063W,0402"
